Store,StoreType,Assortment,CompetitionDistance,CompetitionOpenSinceMonth,CompetitionOpenSinceYear,Promo2,Promo2SinceWeek,Promo2SinceYear,PromoInterval,CompetitionBeforeStoreOpened,PromoInterval0,PromoInterval1,PromoInterval2,PromoInterval3
1,c,a,1270.0,9,2008,0,0,0,"0,0,0,0",0,0,0,0,0
2,a,a,570.0,11,2007,1,13,2010,"Jan,Apr,Jul,Oct",0,1,4,7,10
3,a,a,14130.0,12,2006,1,14,2011,"Jan,Apr,Jul,Oct",0,1,4,7,10
4,c,c,620.0,9,2009,0,0,0,"0,0,0,0",0,0,0,0,0
5,a,a,29910.0,4,2015,0,0,0,"0,0,0,0",0,0,0,0,0
6,a,a,310.0,12,2013,0,0,0,"0,0,0,0",0,0,0,0,0
7,a,c,24000.0,4,2013,0,0,0,"0,0,0,0",0,0,0,0,0
8,a,a,7520.0,10,2014,0,0,0,"0,0,0,0",0,0,0,0,0
9,a,c,2030.0,8,2000,0,0,0,"0,0,0,0",0,0,0,0,0
10,a,a,3160.0,9,2009,0,0,0,"0,0,0,0",0,0,0,0,0
11,a,c,960.0,11,2011,1,1,2012,"Jan,Apr,Jul,Oct",0,1,4,7,10
12,a,c,1070.0,1,1900,1,13,2010,"Jan,Apr,Jul,Oct",1,1,4,7,10
13,d,a,310.0,1,1900,1,45,2009,"Feb,May,Aug,Nov",1,2,5,8,11
14,a,a,1300.0,3,2014,1,40,2011,"Jan,Apr,Jul,Oct",0,1,4,7,10
15,d,c,4110.0,3,2010,1,14,2011,"Jan,Apr,Jul,Oct",0,1,4,7,10
16,a,c,3270.0,1,1900,0,0,0,"0,0,0,0",1,0,0,0,0
17,a,a,50.0,12,2005,1,26,2010,"Jan,Apr,Jul,Oct",0,1,4,7,10
18,d,c,13840.0,6,2010,1,14,2012,"Jan,Apr,Jul,Oct",0,1,4,7,10
19,a,c,3240.0,1,1900,1,22,2011,"Mar,Jun,Sept,Dec",1,3,6,9,12
20,d,a,2340.0,5,2009,1,40,2014,"Jan,Apr,Jul,Oct",0,1,4,7,10
21,c,c,550.0,10,1999,1,45,2009,"Jan,Apr,Jul,Oct",0,1,4,7,10
22,a,a,1040.0,1,1900,1,22,2012,"Jan,Apr,Jul,Oct",1,1,4,7,10
23,d,a,4060.0,8,2005,0,0,0,"0,0,0,0",0,0,0,0,0
24,a,c,4590.0,3,2000,1,40,2011,"Jan,Apr,Jul,Oct",0,1,4,7,10
25,c,a,430.0,4,2003,0,0,0,"0,0,0,0",0,0,0,0,0
26,d,a,2300.0,1,1900,0,0,0,"0,0,0,0",1,0,0,0,0
27,a,a,60.0,1,2005,1,5,2011,"Jan,Apr,Jul,Oct",0,1,4,7,10
28,a,a,1200.0,10,2014,1,6,2015,"Mar,Jun,Sept,Dec",0,3,6,9,12
29,d,c,2170.0,1,1900,0,0,0,"0,0,0,0",1,0,0,0,0
30,a,a,40.0,2,2014,1,10,2014,"Mar,Jun,Sept,Dec",0,3,6,9,12
31,d,c,9800.0,7,2012,0,0,0,"0,0,0,0",0,0,0,0,0
32,a,a,2910.0,1,1900,1,45,2009,"Feb,May,Aug,Nov",1,2,5,8,11
33,a,c,1320.0,5,2013,0,0,0,"0,0,0,0",0,0,0,0,0
34,c,a,2240.0,9,2009,0,0,0,"0,0,0,0",0,0,0,0,0
35,d,c,7660.0,10,2000,1,1,2012,"Jan,Apr,Jul,Oct",0,1,4,7,10
36,a,c,540.0,6,2003,1,40,2014,"Jan,Apr,Jul,Oct",0,1,4,7,10
37,c,a,4230.0,12,2014,0,0,0,"0,0,0,0",0,0,0,0,0
38,d,a,1090.0,4,2007,0,0,0,"0,0,0,0",0,0,0,0,0
39,a,a,260.0,10,2006,1,31,2013,"Feb,May,Aug,Nov",0,2,5,8,11
40,a,a,180.0,1,1900,1,45,2009,"Feb,May,Aug,Nov",1,2,5,8,11
41,d,c,1180.0,1,1900,1,31,2013,"Jan,Apr,Jul,Oct",1,1,4,7,10
42,a,c,290.0,1,1900,1,40,2011,"Jan,Apr,Jul,Oct",1,1,4,7,10
43,d,a,4880.0,1,1900,1,37,2009,"Jan,Apr,Jul,Oct",1,1,4,7,10
44,a,a,540.0,6,2011,0,0,0,"0,0,0,0",0,0,0,0,0
45,d,a,9710.0,2,2014,0,0,0,"0,0,0,0",0,0,0,0,0
46,c,a,1200.0,9,2005,1,14,2011,"Jan,Apr,Jul,Oct",0,1,4,7,10
47,a,c,270.0,4,2013,1,14,2013,"Jan,Apr,Jul,Oct",0,1,4,7,10
48,a,a,1060.0,5,2012,0,0,0,"0,0,0,0",0,0,0,0,0
49,d,c,18010.0,9,2007,0,0,0,"0,0,0,0",0,0,0,0,0
50,d,a,6260.0,11,2009,0,0,0,"0,0,0,0",0,0,0,0,0
51,a,c,10570.0,7,2013,1,9,2011,"Jan,Apr,Jul,Oct",0,1,4,7,10
52,d,c,450.0,4,2014,1,39,2010,"Jan,Apr,Jul,Oct",0,1,4,7,10
53,a,c,30360.0,9,2013,0,0,0,"0,0,0,0",0,0,0,0,0
54,d,c,7170.0,8,2014,1,5,2013,"Feb,May,Aug,Nov",0,2,5,8,11
55,a,a,720.0,11,2004,0,0,0,"0,0,0,0",0,0,0,0,0
56,d,c,6620.0,3,2012,1,10,2014,"Mar,Jun,Sept,Dec",0,3,6,9,12
57,d,c,420.0,6,2014,0,0,0,"0,0,0,0",0,0,0,0,0
58,a,c,7340.0,5,2008,1,27,2012,"Jan,Apr,Jul,Oct",0,1,4,7,10
59,a,c,2840.0,6,2007,1,14,2011,"Jan,Apr,Jul,Oct",0,1,4,7,10
60,d,c,5540.0,10,2009,0,0,0,"0,0,0,0",0,0,0,0,0
61,a,c,350.0,12,2007,1,1,2012,"Jan,Apr,Jul,Oct",0,1,4,7,10
62,a,a,2050.0,1,1900,0,0,0,"0,0,0,0",1,0,0,0,0
63,c,c,3700.0,6,2010,1,18,2010,"Feb,May,Aug,Nov",0,2,5,8,11
64,d,c,22560.0,1,1900,1,14,2013,"Jan,Apr,Jul,Oct",1,1,4,7,10
65,a,c,13840.0,5,2010,1,1,2012,"Jan,Apr,Jul,Oct",0,1,4,7,10
66,d,a,7660.0,1,1900,1,37,2009,"Jan,Apr,Jul,Oct",1,1,4,7,10
67,a,c,410.0,2,2006,0,0,0,"0,0,0,0",0,0,0,0,0
68,a,c,250.0,1,1900,1,35,2012,"Mar,Jun,Sept,Dec",1,3,6,9,12
69,c,c,1130.0,1,1900,1,40,2011,"Jan,Apr,Jul,Oct",1,1,4,7,10
70,c,c,4840.0,1,1900,0,0,0,"0,0,0,0",1,0,0,0,0
71,a,a,17500.0,8,2008,1,37,2009,"Mar,Jun,Sept,Dec",0,3,6,9,12
72,a,a,2200.0,12,2009,1,13,2010,"Jan,Apr,Jul,Oct",0,1,4,7,10
73,a,c,1650.0,9,2008,0,0,0,"0,0,0,0",0,0,0,0,0
74,a,a,330.0,1,1900,0,0,0,"0,0,0,0",1,0,0,0,0
75,d,c,22440.0,12,2013,0,0,0,"0,0,0,0",0,0,0,0,0
76,d,c,19960.0,3,2006,0,0,0,"0,0,0,0",0,0,0,0,0
77,d,c,1090.0,8,2009,1,10,2014,"Jan,Apr,Jul,Oct",0,1,4,7,10
78,a,a,3510.0,11,2006,1,5,2013,"Feb,May,Aug,Nov",0,2,5,8,11
79,a,a,3320.0,1,1900,0,0,0,"0,0,0,0",1,0,0,0,0
80,d,a,7910.0,1,1900,0,0,0,"0,0,0,0",1,0,0,0,0
81,a,a,2370.0,3,2011,1,40,2014,"Jan,Apr,Jul,Oct",0,1,4,7,10
82,a,a,22390.0,4,2008,1,37,2009,"Jan,Apr,Jul,Oct",0,1,4,7,10
83,a,a,2710.0,1,1900,0,0,0,"0,0,0,0",1,0,0,0,0
84,a,c,11810.0,8,2014,0,0,0,"0,0,0,0",0,0,0,0,0
85,b,a,1870.0,10,2011,0,0,0,"0,0,0,0",0,0,0,0,0
86,a,a,480.0,2,2005,1,31,2013,"Jan,Apr,Jul,Oct",0,1,4,7,10
87,a,a,560.0,12,2010,0,0,0,"0,0,0,0",0,0,0,0,0
88,a,a,10690.0,10,2005,0,0,0,"0,0,0,0",0,0,0,0,0
89,a,a,2380.0,7,2004,1,40,2014,"Jan,Apr,Jul,Oct",0,1,4,7,10
90,a,a,330.0,11,2007,0,0,0,"0,0,0,0",0,0,0,0,0
91,c,a,2410.0,1,1900,1,35,2011,"Jan,Apr,Jul,Oct",1,1,4,7,10
92,c,a,240.0,1,1900,1,45,2009,"Feb,May,Aug,Nov",1,2,5,8,11
93,a,a,16690.0,1,1900,1,14,2011,"Jan,Apr,Jul,Oct",1,1,4,7,10
94,d,c,14620.0,1,1900,0,0,0,"0,0,0,0",1,0,0,0,0
95,a,a,1890.0,10,2014,0,0,0,"0,0,0,0",0,0,0,0,0
96,a,a,8780.0,2,2005,1,37,2009,"Jan,Apr,Jul,Oct",0,1,4,7,10
97,d,c,8980.0,1,1900,0,0,0,"0,0,0,0",1,0,0,0,0
98,d,c,15140.0,12,2006,1,1,2012,"Jan,Apr,Jul,Oct",0,1,4,7,10
99,c,c,2030.0,11,2003,1,22,2012,"Mar,Jun,Sept,Dec",0,3,6,9,12
100,d,a,17930.0,1,1900,0,0,0,"0,0,0,0",1,0,0,0,0
101,d,c,2440.0,1,1900,1,22,2012,"Mar,Jun,Sept,Dec",1,3,6,9,12
102,a,a,150.0,12,2007,1,10,2014,"Mar,Jun,Sept,Dec",0,3,6,9,12
103,d,c,5210.0,5,2015,0,0,0,"0,0,0,0",0,0,0,0,0
104,a,a,390.0,6,2009,0,0,0,"0,0,0,0",0,0,0,0,0
105,a,c,6190.0,1,1900,1,23,2013,"Mar,Jun,Sept,Dec",1,3,6,9,12
106,a,a,1390.0,8,2013,0,0,0,"0,0,0,0",0,0,0,0,0
107,a,a,1930.0,9,2009,0,0,0,"0,0,0,0",0,0,0,0,0
108,d,c,2190.0,9,2003,0,0,0,"0,0,0,0",0,0,0,0,0
109,a,c,3300.0,11,2010,0,0,0,"0,0,0,0",0,0,0,0,0
110,a,c,46590.0,4,2013,0,0,0,"0,0,0,0",0,0,0,0,0
111,d,c,7890.0,1,1900,1,37,2009,"Jan,Apr,Jul,Oct",1,1,4,7,10
112,a,a,1630.0,9,2009,0,0,0,"0,0,0,0",0,0,0,0,0
113,d,c,20930.0,11,1999,0,0,0,"0,0,0,0",0,0,0,0,0
114,c,a,4510.0,1,1900,1,48,2011,"Mar,Jun,Sept,Dec",1,3,6,9,12
115,d,c,5740.0,4,2007,1,40,2014,"Jan,Apr,Jul,Oct",0,1,4,7,10
116,a,a,680.0,4,2013,0,0,0,"0,0,0,0",0,0,0,0,0
117,a,a,3450.0,9,2011,0,0,0,"0,0,0,0",0,0,0,0,0
118,d,c,3580.0,9,2012,0,0,0,"0,0,0,0",0,0,0,0,0
119,a,c,2100.0,2,2010,0,0,0,"0,0,0,0",0,0,0,0,0
120,d,a,2290.0,12,2014,1,37,2009,"Jan,Apr,Jul,Oct",0,1,4,7,10
121,a,a,3570.0,11,2009,1,36,2013,"Mar,Jun,Sept,Dec",0,3,6,9,12
122,a,c,58260.0,4,2013,0,0,0,"0,0,0,0",0,0,0,0,0
123,a,a,16760.0,9,2011,0,0,0,"0,0,0,0",0,0,0,0,0
124,a,a,1410.0,4,2003,0,0,0,"0,0,0,0",0,0,0,0,0
125,a,a,760.0,12,2005,0,0,0,"0,0,0,0",0,0,0,0,0
126,d,a,3370.0,10,2014,1,18,2011,"Feb,May,Aug,Nov",0,2,5,8,11
127,d,a,1350.0,12,2005,1,13,2010,"Jan,Apr,Jul,Oct",0,1,4,7,10
128,d,c,2000.0,1,1900,1,1,2013,"Jan,Apr,Jul,Oct",1,1,4,7,10
129,a,a,2460.0,1,1900,1,14,2011,"Jan,Apr,Jul,Oct",1,1,4,7,10
130,c,a,900.0,1,1900,1,13,2010,"Jan,Apr,Jul,Oct",1,1,4,7,10
131,c,a,920.0,7,2015,0,0,0,"0,0,0,0",0,0,0,0,0
132,d,c,1040.0,1,1900,1,27,2012,"Jan,Apr,Jul,Oct",1,1,4,7,10
133,a,a,270.0,8,2013,1,10,2014,"Mar,Jun,Sept,Dec",0,3,6,9,12
134,a,a,1200.0,9,2008,0,0,0,"0,0,0,0",0,0,0,0,0
135,d,a,5190.0,1,1900,1,1,2013,"Jan,Apr,Jul,Oct",1,1,4,7,10
136,a,c,2200.0,12,2010,1,22,2012,"Feb,May,Aug,Nov",0,2,5,8,11
137,a,a,1730.0,7,2015,1,40,2014,"Jan,Apr,Jul,Oct",0,1,4,7,10
138,a,c,25360.0,10,2014,0,0,0,"0,0,0,0",0,0,0,0,0
139,a,a,1700.0,1,2008,1,14,2011,"Jan,Apr,Jul,Oct",0,1,4,7,10
140,a,c,1090.0,7,2010,1,1,2013,"Jan,Apr,Jul,Oct",0,1,4,7,10
141,c,c,1540.0,1,1900,1,22,2012,"Mar,Jun,Sept,Dec",1,3,6,9,12
142,a,a,1090.0,7,2002,0,0,0,"0,0,0,0",0,0,0,0,0
143,d,a,2930.0,12,2002,0,0,0,"0,0,0,0",0,0,0,0,0
144,a,c,16570.0,1,1900,0,0,0,"0,0,0,0",1,0,0,0,0
145,a,a,280.0,1,1900,1,45,2009,"Feb,May,Aug,Nov",1,2,5,8,11
146,d,c,8050.0,10,1961,1,48,2012,"Jan,Apr,Jul,Oct",0,1,4,7,10
147,d,c,8540.0,1,1900,0,0,0,"0,0,0,0",1,0,0,0,0
148,a,a,2090.0,12,2008,0,0,0,"0,0,0,0",0,0,0,0,0
149,d,a,2610.0,7,2006,1,14,2011,"Jan,Apr,Jul,Oct",0,1,4,7,10
150,c,c,31830.0,3,2010,0,0,0,"0,0,0,0",0,0,0,0,0
151,d,c,4360.0,10,2005,0,0,0,"0,0,0,0",0,0,0,0,0
152,a,a,1780.0,1,1900,0,0,0,"0,0,0,0",1,0,0,0,0
153,a,a,16240.0,10,2000,1,18,2011,"Feb,May,Aug,Nov",0,2,5,8,11
154,d,c,16420.0,1,1900,0,0,0,"0,0,0,0",1,0,0,0,0
155,d,a,3050.0,1,1900,1,35,2010,"Jan,Apr,Jul,Oct",1,1,4,7,10
156,a,a,2020.0,2,2011,1,14,2011,"Mar,Jun,Sept,Dec",0,3,6,9,12
157,a,c,2950.0,10,2004,0,0,0,"0,0,0,0",0,0,0,0,0
158,d,c,11840.0,1,1900,1,31,2009,"Feb,May,Aug,Nov",1,2,5,8,11
159,d,a,8530.0,3,2013,0,0,0,"0,0,0,0",0,0,0,0,0
160,d,c,17110.0,11,2005,0,0,0,"0,0,0,0",0,0,0,0,0
161,a,c,2970.0,3,2005,0,0,0,"0,0,0,0",0,0,0,0,0
162,d,c,5340.0,3,2012,1,13,2010,"Jan,Apr,Jul,Oct",0,1,4,7,10
163,a,a,1480.0,4,2009,0,0,0,"0,0,0,0",0,0,0,0,0
164,a,a,1160.0,9,2005,1,13,2010,"Jan,Apr,Jul,Oct",0,1,4,7,10
165,a,a,3720.0,4,2005,1,13,2010,"Jan,Apr,Jul,Oct",0,1,4,7,10
166,a,c,100.0,4,2014,1,31,2013,"Jan,Apr,Jul,Oct",0,1,4,7,10
167,a,a,140.0,4,2008,0,0,0,"0,0,0,0",0,0,0,0,0
168,a,a,12540.0,1,1900,0,0,0,"0,0,0,0",1,0,0,0,0
169,d,a,980.0,7,2014,1,18,2014,"Feb,May,Aug,Nov",0,2,5,8,11
170,a,a,1070.0,5,2015,1,14,2011,"Jan,Apr,Jul,Oct",0,1,4,7,10
171,a,a,2640.0,1,1900,0,0,0,"0,0,0,0",1,0,0,0,0
172,a,a,110.0,1,1900,1,40,2014,"Jan,Apr,Jul,Oct",1,1,4,7,10
173,a,a,350.0,12,2012,0,0,0,"0,0,0,0",0,0,0,0,0
174,a,a,13090.0,1,1900,1,22,2012,"Jan,Apr,Jul,Oct",1,1,4,7,10
175,c,a,4130.0,1,1900,0,0,0,"0,0,0,0",1,0,0,0,0
176,a,a,3770.0,1,1900,0,0,0,"0,0,0,0",1,0,0,0,0
177,a,a,1250.0,2,2004,1,5,2013,"Feb,May,Aug,Nov",0,2,5,8,11
178,d,a,1710.0,1,1900,0,0,0,"0,0,0,0",1,0,0,0,0
179,a,c,480.0,1,1900,0,0,0,"0,0,0,0",1,0,0,0,0
180,d,a,5800.0,9,2010,0,0,0,"0,0,0,0",0,0,0,0,0
181,a,a,12610.0,3,2013,1,14,2011,"Jan,Apr,Jul,Oct",0,1,4,7,10
182,d,c,1390.0,1,1900,1,9,2011,"Mar,Jun,Sept,Dec",1,3,6,9,12
183,a,a,9670.0,1,1900,0,0,0,"0,0,0,0",1,0,0,0,0
184,d,c,3560.0,1,1900,0,0,0,"0,0,0,0",1,0,0,0,0
185,d,c,1860.0,5,2015,0,0,0,"0,0,0,0",0,0,0,0,0
186,a,a,290.0,10,2011,1,40,2014,"Jan,Apr,Jul,Oct",0,1,4,7,10
187,a,c,19360.0,1,1900,0,0,0,"0,0,0,0",1,0,0,0,0
188,d,a,850.0,1,1900,1,18,2011,"Feb,May,Aug,Nov",1,2,5,8,11
189,d,a,5760.0,7,2014,0,0,0,"0,0,0,0",0,0,0,0,0
190,a,a,1470.0,12,2006,1,40,2014,"Jan,Apr,Jul,Oct",0,1,4,7,10
191,a,a,1100.0,8,2013,1,40,2014,"Jan,Apr,Jul,Oct",0,1,4,7,10
192,d,c,2770.0,3,2008,1,40,2014,"Jan,Apr,Jul,Oct",0,1,4,7,10
193,a,a,520.0,1,1900,0,0,0,"0,0,0,0",1,0,0,0,0
194,d,c,16970.0,1,1900,1,5,2013,"Feb,May,Aug,Nov",1,2,5,8,11
195,a,c,220.0,1,1900,0,0,0,"0,0,0,0",1,0,0,0,0
196,c,a,3850.0,11,2005,1,14,2011,"Jan,Apr,Jul,Oct",0,1,4,7,10
197,c,a,4210.0,3,2015,0,0,0,"0,0,0,0",0,0,0,0,0
198,a,a,290.0,9,2002,1,13,2010,"Jan,Apr,Jul,Oct",0,1,4,7,10
199,d,c,6360.0,12,2010,1,14,2012,"Mar,Jun,Sept,Dec",0,3,6,9,12
200,a,a,1650.0,10,2000,0,0,0,"0,0,0,0",0,0,0,0,0
201,d,a,20260.0,1,1900,1,18,2014,"Mar,Jun,Sept,Dec",1,3,6,9,12
202,d,c,5140.0,5,2010,0,0,0,"0,0,0,0",0,0,0,0,0
203,c,c,490.0,11,2002,0,0,0,"0,0,0,0",0,0,0,0,0
204,a,a,5630.0,12,2002,1,40,2014,"Jan,Apr,Jul,Oct",0,1,4,7,10
205,a,a,110.0,12,2007,0,0,0,"0,0,0,0",0,0,0,0,0
206,a,c,380.0,1,1900,1,14,2012,"Jan,Apr,Jul,Oct",1,1,4,7,10
207,a,a,6870.0,1,1900,0,0,0,"0,0,0,0",1,0,0,0,0
208,c,a,300.0,4,2006,0,0,0,"0,0,0,0",0,0,0,0,0
209,a,c,11680.0,9,2011,1,31,2013,"Jan,Apr,Jul,Oct",0,1,4,7,10
210,d,a,970.0,11,1999,1,5,2013,"Feb,May,Aug,Nov",0,2,5,8,11
211,a,c,350.0,11,2006,0,0,0,"0,0,0,0",0,0,0,0,0
212,a,c,15050.0,9,2008,0,0,0,"0,0,0,0",0,0,0,0,0
213,d,c,4030.0,3,2014,1,1,2014,"Jan,Apr,Jul,Oct",0,1,4,7,10
214,d,a,8650.0,7,2013,1,10,2014,"Jan,Apr,Jul,Oct",0,1,4,7,10
215,d,a,150.0,1,1900,1,45,2009,"Feb,May,Aug,Nov",1,2,5,8,11
216,c,a,190.0,1,1900,1,45,2009,"Feb,May,Aug,Nov",1,2,5,8,11
217,c,a,3150.0,1,1900,0,0,0,"0,0,0,0",1,0,0,0,0
218,a,c,640.0,1,1900,1,9,2011,"Mar,Jun,Sept,Dec",1,3,6,9,12
219,a,a,1640.0,2,2013,0,0,0,"0,0,0,0",0,0,0,0,0
220,a,a,1000.0,9,2008,0,0,0,"0,0,0,0",0,0,0,0,0
221,d,c,13530.0,9,2013,0,0,0,"0,0,0,0",0,0,0,0,0
222,a,a,2170.0,11,2008,0,0,0,"0,0,0,0",0,0,0,0,0
223,d,c,2920.0,10,1995,1,27,2011,"Jan,Apr,Jul,Oct",0,1,4,7,10
224,d,c,7930.0,1,1900,1,1,2013,"Jan,Apr,Jul,Oct",1,1,4,7,10
225,d,a,10180.0,5,2015,0,0,0,"0,0,0,0",0,0,0,0,0
226,a,a,450.0,1,1900,0,0,0,"0,0,0,0",1,0,0,0,0
227,a,a,2370.0,1,1900,0,0,0,"0,0,0,0",1,0,0,0,0
228,d,c,10800.0,1,1900,1,18,2011,"Feb,May,Aug,Nov",1,2,5,8,11
229,d,c,17410.0,4,2007,1,14,2011,"Jan,Apr,Jul,Oct",0,1,4,7,10
230,d,c,6680.0,9,2013,0,0,0,"0,0,0,0",0,0,0,0,0
231,d,c,3840.0,10,2008,1,39,2010,"Feb,May,Aug,Nov",0,2,5,8,11
232,c,c,13570.0,5,2010,1,10,2013,"Mar,Jun,Sept,Dec",0,3,6,9,12
233,a,a,1890.0,1,1900,0,0,0,"0,0,0,0",1,0,0,0,0
234,d,a,4370.0,1,1900,0,0,0,"0,0,0,0",1,0,0,0,0
235,a,a,5710.0,3,2012,1,37,2009,"Jan,Apr,Jul,Oct",0,1,4,7,10
236,a,a,1000.0,11,2007,0,0,0,"0,0,0,0",0,0,0,0,0
237,a,a,1420.0,11,2007,0,0,0,"0,0,0,0",0,0,0,0,0
238,a,a,320.0,1,1900,1,45,2009,"Feb,May,Aug,Nov",1,2,5,8,11
239,d,c,610.0,1,1900,0,0,0,"0,0,0,0",1,0,0,0,0
240,a,a,1110.0,5,2009,0,0,0,"0,0,0,0",0,0,0,0,0
241,d,c,780.0,1,1900,0,0,0,"0,0,0,0",1,0,0,0,0
242,d,a,6880.0,9,2001,1,14,2011,"Jan,Apr,Jul,Oct",0,1,4,7,10
243,a,a,310.0,1,1900,1,5,2013,"Feb,May,Aug,Nov",1,2,5,8,11
244,d,a,710.0,3,2012,1,1,2012,"Jan,Apr,Jul,Oct",0,1,4,7,10
245,a,c,1310.0,1,1900,0,0,0,"0,0,0,0",1,0,0,0,0
246,c,a,4660.0,4,2013,0,0,0,"0,0,0,0",0,0,0,0,0
247,d,c,70.0,11,2010,1,5,2013,"Feb,May,Aug,Nov",0,2,5,8,11
248,a,c,340.0,9,2012,1,40,2012,"Jan,Apr,Jul,Oct",0,1,4,7,10
249,d,c,18010.0,9,2014,0,0,0,"0,0,0,0",0,0,0,0,0
250,d,a,3520.0,1,1900,1,18,2012,"Feb,May,Aug,Nov",1,2,5,8,11
251,a,c,340.0,1,1900,0,0,0,"0,0,0,0",1,0,0,0,0
252,d,c,22330.0,1,1900,1,5,2010,"Feb,May,Aug,Nov",1,2,5,8,11
253,a,c,250.0,1,1900,1,5,2013,"Feb,May,Aug,Nov",1,2,5,8,11
254,d,a,330.0,3,2008,1,1,2012,"Mar,Jun,Sept,Dec",0,3,6,9,12
255,c,c,4630.0,3,2011,1,35,2011,"Feb,May,Aug,Nov",0,2,5,8,11
256,a,c,80.0,9,2005,1,10,2014,"Mar,Jun,Sept,Dec",0,3,6,9,12
257,a,a,420.0,12,2012,0,0,0,"0,0,0,0",0,0,0,0,0
258,a,a,27190.0,7,2010,1,37,2009,"Jan,Apr,Jul,Oct",0,1,4,7,10
259,b,b,210.0,1,1900,0,0,0,"0,0,0,0",1,0,0,0,0
260,a,a,540.0,10,2011,0,0,0,"0,0,0,0",0,0,0,0,0
261,d,c,15340.0,4,2015,1,39,2009,"Jan,Apr,Jul,Oct",0,1,4,7,10
262,b,a,1180.0,5,2013,0,0,0,"0,0,0,0",0,0,0,0,0
263,a,c,1140.0,5,2013,1,40,2014,"Jan,Apr,Jul,Oct",0,1,4,7,10
264,a,a,180.0,3,2014,0,0,0,"0,0,0,0",0,0,0,0,0
265,a,a,4580.0,1,1900,1,14,2015,"Jan,Apr,Jul,Oct",1,1,4,7,10
266,a,c,360.0,3,2014,1,9,2011,"Mar,Jun,Sept,Dec",0,3,6,9,12
267,c,a,2460.0,1,2012,0,0,0,"0,0,0,0",0,0,0,0,0
268,a,a,4520.0,2,2014,0,0,0,"0,0,0,0",0,0,0,0,0
269,a,c,60.0,6,2015,0,0,0,"0,0,0,0",0,0,0,0,0
270,a,a,1450.0,7,2014,0,0,0,"0,0,0,0",0,0,0,0,0
271,a,a,420.0,1,1900,1,14,2011,"Jan,Apr,Jul,Oct",1,1,4,7,10
272,a,a,16180.0,7,2003,1,14,2011,"Jan,Apr,Jul,Oct",0,1,4,7,10
273,a,c,8480.0,1,1900,0,0,0,"0,0,0,0",1,0,0,0,0
274,b,b,3640.0,1,1900,1,10,2013,"Jan,Apr,Jul,Oct",1,1,4,7,10
275,d,a,300.0,5,2014,1,40,2014,"Jan,Apr,Jul,Oct",0,1,4,7,10
276,a,a,2960.0,10,2014,1,36,2013,"Mar,Jun,Sept,Dec",0,3,6,9,12
277,d,c,7840.0,1,1900,1,31,2009,"Feb,May,Aug,Nov",1,2,5,8,11
278,a,c,9260.0,2,2010,0,0,0,"0,0,0,0",0,0,0,0,0
279,d,c,2320.0,1,1900,1,40,2012,"Jan,Apr,Jul,Oct",1,1,4,7,10
280,d,c,18640.0,9,2013,1,10,2014,"Mar,Jun,Sept,Dec",0,3,6,9,12
281,d,c,6970.0,9,2011,0,0,0,"0,0,0,0",0,0,0,0,0
282,a,a,1220.0,12,2010,0,0,0,"0,0,0,0",0,0,0,0,0
283,a,a,2260.0,1,1900,1,40,2014,"Jan,Apr,Jul,Oct",1,1,4,7,10
284,d,a,1290.0,1,1900,1,40,2014,"Jan,Apr,Jul,Oct",1,1,4,7,10
285,a,a,2410.0,1,1900,0,0,0,"0,0,0,0",1,0,0,0,0
286,a,a,1460.0,4,2015,0,0,0,"0,0,0,0",0,0,0,0,0
287,c,a,2740.0,5,2009,1,40,2014,"Jan,Apr,Jul,Oct",0,1,4,7,10
288,d,a,800.0,1,1900,1,14,2011,"Mar,Jun,Sept,Dec",1,3,6,9,12
289,d,a,6540.0,12,2007,0,0,0,"0,0,0,0",0,0,0,0,0
290,a,a,4150.0,5,2001,0,0,0,"0,0,0,0",0,0,0,0,0
291,d,a,75860.0,1,1900,0,0,0,"0,0,0,0",1,0,0,0,0
292,a,a,1100.0,6,2009,0,0,0,"0,0,0,0",0,0,0,0,0
293,c,c,140.0,11,2007,0,0,0,"0,0,0,0",0,0,0,0,0
294,a,a,3150.0,5,2005,0,0,0,"0,0,0,0",0,0,0,0,0
295,a,a,210.0,11,2000,1,36,2013,"Mar,Jun,Sept,Dec",0,3,6,9,12
296,a,a,9580.0,5,2007,1,45,2014,"Feb,May,Aug,Nov",0,2,5,8,11
297,a,a,2300.0,9,2010,0,0,0,"0,0,0,0",0,0,0,0,0
298,d,a,19840.0,7,2009,0,0,0,"0,0,0,0",0,0,0,0,0
299,d,c,38630.0,9,2012,0,0,0,"0,0,0,0",0,0,0,0,0
300,a,c,120.0,4,2009,1,1,2012,"Jan,Apr,Jul,Oct",0,1,4,7,10
301,a,c,4510.0,3,2015,0,0,0,"0,0,0,0",0,0,0,0,0
302,d,c,2190.0,12,2007,1,9,2011,"Mar,Jun,Sept,Dec",0,3,6,9,12
303,a,a,15430.0,11,2012,1,18,2011,"Feb,May,Aug,Nov",0,2,5,8,11
304,a,a,1950.0,7,2015,0,0,0,"0,0,0,0",0,0,0,0,0
305,c,c,2470.0,2,2005,1,31,2013,"Mar,Jun,Sept,Dec",0,3,6,9,12
306,a,a,5100.0,4,2007,1,40,2014,"Jan,Apr,Jul,Oct",0,1,4,7,10
307,a,a,18660.0,9,2002,0,0,0,"0,0,0,0",0,0,0,0,0
308,a,a,1070.0,12,2006,1,13,2010,"Jan,Apr,Jul,Oct",0,1,4,7,10
309,d,a,8740.0,1,1900,1,37,2009,"Feb,May,Aug,Nov",1,2,5,8,11
310,a,c,2290.0,1,1900,1,10,2014,"Mar,Jun,Sept,Dec",1,3,6,9,12
311,a,c,680.0,7,2005,0,0,0,"0,0,0,0",0,0,0,0,0
312,d,a,11300.0,3,2012,0,0,0,"0,0,0,0",0,0,0,0,0
313,d,c,14160.0,1,1900,0,0,0,"0,0,0,0",1,0,0,0,0
314,a,a,3560.0,10,2001,1,31,2013,"Feb,May,Aug,Nov",0,2,5,8,11
315,a,c,38710.0,4,2013,0,0,0,"0,0,0,0",0,0,0,0,0
316,d,a,9000.0,8,2001,0,0,0,"0,0,0,0",0,0,0,0,0
317,d,a,3140.0,7,2013,1,14,2011,"Jan,Apr,Jul,Oct",0,1,4,7,10
318,d,c,32330.0,3,2014,0,0,0,"0,0,0,0",0,0,0,0,0
319,a,c,570.0,9,2012,1,27,2012,"Mar,Jun,Sept,Dec",0,3,6,9,12
320,a,c,210.0,9,2012,0,0,0,"0,0,0,0",0,0,0,0,0
321,c,c,8140.0,11,2013,1,10,2014,"Mar,Jun,Sept,Dec",0,3,6,9,12
322,a,a,17500.0,4,2001,1,37,2009,"Jan,Apr,Jul,Oct",0,1,4,7,10
323,d,c,8400.0,4,2012,1,5,2013,"Feb,May,Aug,Nov",0,2,5,8,11
324,a,a,13140.0,1,1900,1,14,2011,"Jan,Apr,Jul,Oct",1,1,4,7,10
325,a,c,350.0,3,2011,1,22,2011,"Feb,May,Aug,Nov",0,2,5,8,11
326,d,a,10070.0,5,2015,1,31,2013,"Feb,May,Aug,Nov",0,2,5,8,11
327,c,c,1390.0,12,2004,0,0,0,"0,0,0,0",0,0,0,0,0
328,a,a,3130.0,7,2002,0,0,0,"0,0,0,0",0,0,0,0,0
329,a,a,1310.0,6,1990,1,22,2012,"Mar,Jun,Sept,Dec",0,3,6,9,12
330,a,c,370.0,1,1900,1,22,2012,"Mar,Jun,Sept,Dec",1,3,6,9,12
331,a,c,670.0,1,1900,1,14,2015,"Jan,Apr,Jul,Oct",1,1,4,7,10
332,a,a,1840.0,3,2006,0,0,0,"0,0,0,0",0,0,0,0,0
333,a,c,3720.0,2,2010,0,0,0,"0,0,0,0",0,0,0,0,0
334,d,c,4040.0,8,2008,1,18,2013,"Mar,Jun,Sept,Dec",0,3,6,9,12
335,b,a,90.0,1,1900,1,31,2013,"Jan,Apr,Jul,Oct",1,1,4,7,10
336,a,a,190.0,7,2014,0,0,0,"0,0,0,0",0,0,0,0,0
337,d,c,10600.0,7,2005,1,45,2014,"Feb,May,Aug,Nov",0,2,5,8,11
338,a,c,1590.0,1,1900,1,37,2009,"Jan,Apr,Jul,Oct",1,1,4,7,10
339,a,c,2280.0,1,1900,1,10,2013,"Mar,Jun,Sept,Dec",1,3,6,9,12
340,a,c,8080.0,1,1900,0,0,0,"0,0,0,0",1,0,0,0,0
341,a,a,190.0,9,2011,0,0,0,"0,0,0,0",0,0,0,0,0
342,d,c,15770.0,1,1900,1,40,2014,"Jan,Apr,Jul,Oct",1,1,4,7,10
343,d,a,18650.0,4,2004,1,14,2014,"Jan,Apr,Jul,Oct",0,1,4,7,10
344,a,c,300.0,4,2011,1,14,2011,"Jan,Apr,Jul,Oct",0,1,4,7,10
345,a,a,120.0,1,1900,1,22,2012,"Jan,Apr,Jul,Oct",1,1,4,7,10
346,a,c,8090.0,1,1900,0,0,0,"0,0,0,0",1,0,0,0,0
347,d,c,9360.0,7,2013,1,22,2012,"Mar,Jun,Sept,Dec",0,3,6,9,12
348,a,a,16490.0,1,1900,1,22,2012,"Jan,Apr,Jul,Oct",1,1,4,7,10
349,c,c,1490.0,4,2009,0,0,0,"0,0,0,0",0,0,0,0,0
350,d,a,8880.0,1,1900,1,14,2011,"Jan,Apr,Jul,Oct",1,1,4,7,10
351,a,a,5290.0,11,2012,1,5,2013,"Feb,May,Aug,Nov",0,2,5,8,11
352,d,c,6360.0,1,1900,1,40,2012,"Mar,Jun,Sept,Dec",1,3,6,9,12
353,b,b,900.0,1,1900,1,14,2013,"Feb,May,Aug,Nov",1,2,5,8,11
354,d,c,1500.0,10,2005,0,0,0,"0,0,0,0",0,0,0,0,0
355,a,c,9720.0,8,2013,0,0,0,"0,0,0,0",0,0,0,0,0
356,d,c,8970.0,12,2007,1,22,2012,"Feb,May,Aug,Nov",0,2,5,8,11
357,a,a,2060.0,10,2008,0,0,0,"0,0,0,0",0,0,0,0,0
358,a,a,2890.0,10,2003,0,0,0,"0,0,0,0",0,0,0,0,0
359,d,c,4370.0,1,1900,0,0,0,"0,0,0,0",1,0,0,0,0
360,a,a,2040.0,6,2007,0,0,0,"0,0,0,0",0,0,0,0,0
361,c,c,4490.0,5,2014,1,5,2013,"Feb,May,Aug,Nov",0,2,5,8,11
362,c,c,340.0,1,1900,0,0,0,"0,0,0,0",1,0,0,0,0
363,a,a,250.0,9,2009,0,0,0,"0,0,0,0",0,0,0,0,0
364,a,c,13620.0,1,1900,1,10,2014,"Mar,Jun,Sept,Dec",1,3,6,9,12
365,c,a,2410.0,1,1900,1,45,2009,"Feb,May,Aug,Nov",1,2,5,8,11
366,d,c,6470.0,12,2004,0,0,0,"0,0,0,0",0,0,0,0,0
367,d,c,2640.0,9,2012,0,0,0,"0,0,0,0",0,0,0,0,0
368,d,c,1450.0,4,2005,1,45,2009,"Feb,May,Aug,Nov",0,2,5,8,11
369,d,c,5870.0,4,2014,0,0,0,"0,0,0,0",0,0,0,0,0
370,d,a,8250.0,10,2000,1,31,2009,"Jan,Apr,Jul,Oct",0,1,4,7,10
371,d,c,1970.0,7,2009,1,45,2014,"Feb,May,Aug,Nov",0,2,5,8,11
372,d,c,4880.0,8,2010,1,18,2014,"Jan,Apr,Jul,Oct",0,1,4,7,10
373,d,c,11120.0,1,1900,1,22,2012,"Jan,Apr,Jul,Oct",1,1,4,7,10
374,a,a,1150.0,9,2007,0,0,0,"0,0,0,0",0,0,0,0,0
375,a,c,15710.0,2,2013,1,37,2009,"Jan,Apr,Jul,Oct",0,1,4,7,10
376,a,a,160.0,8,2012,0,0,0,"0,0,0,0",0,0,0,0,0
377,a,c,100.0,6,2010,1,18,2010,"Feb,May,Aug,Nov",0,2,5,8,11
378,a,c,2140.0,8,2012,0,0,0,"0,0,0,0",0,0,0,0,0
379,d,a,6630.0,1,1900,0,0,0,"0,0,0,0",1,0,0,0,0
380,a,a,2240.0,5,2013,1,10,2014,"Mar,Jun,Sept,Dec",0,3,6,9,12
381,a,a,1800.0,11,2006,1,5,2013,"Feb,May,Aug,Nov",0,2,5,8,11
382,c,c,26130.0,11,2002,0,0,0,"0,0,0,0",0,0,0,0,0
383,a,c,350.0,1,1900,0,0,0,"0,0,0,0",1,0,0,0,0
384,a,c,130.0,1,1900,1,14,2011,"Jan,Apr,Jul,Oct",1,1,4,7,10
385,d,a,4580.0,9,2007,0,0,0,"0,0,0,0",0,0,0,0,0
386,d,c,1460.0,4,2014,1,31,2013,"Jan,Apr,Jul,Oct",0,1,4,7,10
387,c,a,210.0,1,1900,1,36,2013,"Mar,Jun,Sept,Dec",1,3,6,9,12
388,a,a,2260.0,1,1900,0,0,0,"0,0,0,0",1,0,0,0,0
389,a,c,6690.0,8,2011,0,0,0,"0,0,0,0",0,0,0,0,0
390,a,c,1600.0,4,2009,0,0,0,"0,0,0,0",0,0,0,0,0
391,a,a,460.0,11,2014,1,31,2013,"Feb,May,Aug,Nov",0,2,5,8,11
392,a,a,2120.0,1,1900,0,0,0,"0,0,0,0",1,0,0,0,0
393,d,c,4820.0,3,2008,0,0,0,"0,0,0,0",0,0,0,0,0
394,d,a,10850.0,1,1900,0,0,0,"0,0,0,0",1,0,0,0,0
395,a,a,3620.0,2,2013,0,0,0,"0,0,0,0",0,0,0,0,0
396,a,c,23130.0,1,1900,0,0,0,"0,0,0,0",1,0,0,0,0
397,a,c,130.0,1,1900,1,27,2013,"Feb,May,Aug,Nov",1,2,5,8,11
398,c,c,1540.0,1,1900,1,1,2012,"Jan,Apr,Jul,Oct",1,1,4,7,10
399,a,a,5360.0,9,2012,1,40,2011,"Jan,Apr,Jul,Oct",0,1,4,7,10
400,a,a,70.0,11,2004,1,14,2011,"Jan,Apr,Jul,Oct",0,1,4,7,10
401,a,c,9200.0,10,2009,1,14,2012,"Jan,Apr,Jul,Oct",0,1,4,7,10
402,c,c,5830.0,9,2011,1,13,2010,"Jan,Apr,Jul,Oct",0,1,4,7,10
403,a,a,4970.0,7,2015,0,0,0,"0,0,0,0",0,0,0,0,0
404,a,c,1420.0,1,1900,1,10,2013,"Mar,Jun,Sept,Dec",1,3,6,9,12
405,a,a,1080.0,4,2008,1,14,2011,"Jan,Apr,Jul,Oct",0,1,4,7,10
406,d,c,8240.0,3,2001,1,10,2013,"Feb,May,Aug,Nov",0,2,5,8,11
407,a,a,5890.0,10,2003,1,14,2011,"Feb,May,Aug,Nov",0,2,5,8,11
408,c,a,1560.0,1,1900,1,45,2009,"Feb,May,Aug,Nov",1,2,5,8,11
409,d,c,840.0,1,1900,1,1,2013,"Jan,Apr,Jul,Oct",1,1,4,7,10
410,c,a,40.0,11,2011,1,22,2012,"Mar,Jun,Sept,Dec",0,3,6,9,12
411,d,c,8460.0,1,1900,0,0,0,"0,0,0,0",1,0,0,0,0
412,d,c,4460.0,1,1900,1,39,2010,"Jan,Apr,Jul,Oct",1,1,4,7,10
413,a,c,760.0,9,2014,0,0,0,"0,0,0,0",0,0,0,0,0
414,d,c,6210.0,1,1900,1,1,2013,"Jan,Apr,Jul,Oct",1,1,4,7,10
415,d,c,6910.0,4,2005,0,0,0,"0,0,0,0",0,0,0,0,0
416,a,c,4650.0,6,2014,0,0,0,"0,0,0,0",0,0,0,0,0
417,a,c,840.0,1,1900,1,10,2014,"Jan,Apr,Jul,Oct",1,1,4,7,10
418,a,a,1060.0,5,2009,1,27,2011,"Feb,May,Aug,Nov",0,2,5,8,11
419,c,a,1620.0,9,2009,0,0,0,"0,0,0,0",0,0,0,0,0
420,d,c,250.0,1,1900,1,27,2012,"Jan,Apr,Jul,Oct",1,1,4,7,10
421,c,c,3530.0,6,2012,1,35,2012,"Mar,Jun,Sept,Dec",0,3,6,9,12
422,a,c,2880.0,1,1900,0,0,0,"0,0,0,0",1,0,0,0,0
423,b,a,1270.0,5,2014,0,0,0,"0,0,0,0",0,0,0,0,0
424,d,c,1250.0,1,1900,1,40,2011,"Jan,Apr,Jul,Oct",1,1,4,7,10
425,d,c,1460.0,1,1900,0,0,0,"0,0,0,0",1,0,0,0,0
426,a,a,250.0,1,1900,0,0,0,"0,0,0,0",1,0,0,0,0
427,a,c,70.0,7,2005,1,13,2010,"Jan,Apr,Jul,Oct",0,1,4,7,10
428,d,a,2960.0,12,2014,1,23,2015,"Mar,Jun,Sept,Dec",0,3,6,9,12
429,d,c,16350.0,7,2005,1,31,2013,"Jan,Apr,Jul,Oct",0,1,4,7,10
430,d,c,12870.0,10,2008,0,0,0,"0,0,0,0",0,0,0,0,0
431,d,c,4520.0,1,1900,0,0,0,"0,0,0,0",1,0,0,0,0
432,a,a,810.0,5,2013,0,0,0,"0,0,0,0",0,0,0,0,0
433,a,c,30030.0,11,2010,0,0,0,"0,0,0,0",0,0,0,0,0
434,a,a,13020.0,8,2003,1,40,2014,"Jan,Apr,Jul,Oct",0,1,4,7,10
435,a,a,910.0,1,1900,0,0,0,"0,0,0,0",1,0,0,0,0
436,d,a,2300.0,1,1900,0,0,0,"0,0,0,0",1,0,0,0,0
437,c,c,430.0,1,1900,1,50,2010,"Jan,Apr,Jul,Oct",1,1,4,7,10
438,d,c,1110.0,1,1900,1,40,2012,"Jan,Apr,Jul,Oct",1,1,4,7,10
439,a,a,1350.0,9,2009,0,0,0,"0,0,0,0",0,0,0,0,0
440,d,a,3900.0,4,2005,1,45,2009,"Feb,May,Aug,Nov",0,2,5,8,11
441,d,a,2530.0,1,1900,0,0,0,"0,0,0,0",1,0,0,0,0
442,c,a,500.0,1,1900,1,45,2009,"Feb,May,Aug,Nov",1,2,5,8,11
443,d,a,11400.0,12,2005,0,0,0,"0,0,0,0",0,0,0,0,0
444,c,a,1700.0,11,2009,0,0,0,"0,0,0,0",0,0,0,0,0
445,a,a,240.0,1,1900,0,0,0,"0,0,0,0",1,0,0,0,0
446,a,a,340.0,10,2000,1,31,2013,"Feb,May,Aug,Nov",0,2,5,8,11
447,a,c,1510.0,9,2013,0,0,0,"0,0,0,0",0,0,0,0,0
448,a,c,3970.0,9,2009,0,0,0,"0,0,0,0",0,0,0,0,0
449,a,c,120.0,12,2014,1,37,2009,"Jan,Apr,Jul,Oct",0,1,4,7,10
450,c,a,5780.0,11,1994,1,10,2014,"Mar,Jun,Sept,Dec",0,3,6,9,12
451,a,a,2460.0,4,2009,1,13,2010,"Jan,Apr,Jul,Oct",0,1,4,7,10
452,a,c,1850.0,8,2013,1,5,2011,"Feb,May,Aug,Nov",0,2,5,8,11
453,a,c,75860.0,1,1900,0,0,0,"0,0,0,0",1,0,0,0,0
454,a,a,26450.0,1,1900,0,0,0,"0,0,0,0",1,0,0,0,0
455,d,c,7660.0,9,2010,0,0,0,"0,0,0,0",0,0,0,0,0
456,a,c,140.0,1,1900,0,0,0,"0,0,0,0",1,0,0,0,0
457,d,c,13140.0,1,1900,1,31,2013,"Jan,Apr,Jul,Oct",1,1,4,7,10
458,c,a,3390.0,1,1900,0,0,0,"0,0,0,0",1,0,0,0,0
459,a,a,250.0,9,2008,1,5,2013,"Feb,May,Aug,Nov",0,2,5,8,11
460,a,a,34050.0,4,2008,0,0,0,"0,0,0,0",0,0,0,0,0
461,d,c,1790.0,7,2013,1,40,2013,"Jan,Apr,Jul,Oct",0,1,4,7,10
462,a,a,44320.0,8,2008,0,0,0,"0,0,0,0",0,0,0,0,0
463,a,a,4160.0,1,1900,0,0,0,"0,0,0,0",1,0,0,0,0
464,c,a,520.0,3,2009,0,0,0,"0,0,0,0",0,0,0,0,0
465,d,c,10890.0,4,2005,0,0,0,"0,0,0,0",0,0,0,0,0
466,a,c,3110.0,3,2003,0,0,0,"0,0,0,0",0,0,0,0,0
467,a,c,20390.0,4,2008,0,0,0,"0,0,0,0",0,0,0,0,0
468,c,c,5260.0,9,2012,0,0,0,"0,0,0,0",0,0,0,0,0
469,c,c,710.0,9,2005,0,0,0,"0,0,0,0",0,0,0,0,0
470,a,c,50.0,1,1900,0,0,0,"0,0,0,0",1,0,0,0,0
471,d,a,5300.0,1,1900,1,45,2009,"Feb,May,Aug,Nov",1,2,5,8,11
472,c,c,5030.0,8,2011,0,0,0,"0,0,0,0",0,0,0,0,0
473,a,a,50.0,1,1900,0,0,0,"0,0,0,0",1,0,0,0,0
474,c,a,14810.0,1,1900,1,14,2011,"Mar,Jun,Sept,Dec",1,3,6,9,12
475,a,a,140.0,9,2005,0,0,0,"0,0,0,0",0,0,0,0,0
476,d,a,8300.0,9,2006,0,0,0,"0,0,0,0",0,0,0,0,0
477,d,a,770.0,7,2010,1,35,2010,"Jan,Apr,Jul,Oct",0,1,4,7,10
478,d,c,1940.0,3,2012,0,0,0,"0,0,0,0",0,0,0,0,0
479,a,a,320.0,12,2005,1,9,2011,"Feb,May,Aug,Nov",0,2,5,8,11
480,a,a,300.0,11,2012,0,0,0,"0,0,0,0",0,0,0,0,0
481,c,c,7470.0,1,1900,1,44,2012,"Feb,May,Aug,Nov",1,2,5,8,11
482,c,a,2550.0,10,2005,0,0,0,"0,0,0,0",0,0,0,0,0
483,a,c,2310.0,9,2011,1,13,2010,"Jan,Apr,Jul,Oct",0,1,4,7,10
484,a,c,14300.0,3,2011,0,0,0,"0,0,0,0",0,0,0,0,0
485,d,c,3270.0,1,1900,1,22,2012,"Jan,Apr,Jul,Oct",1,1,4,7,10
486,a,a,2320.0,1,1900,1,31,2013,"Jan,Apr,Jul,Oct",1,1,4,7,10
487,d,c,2180.0,9,2012,1,40,2012,"Jan,Apr,Jul,Oct",0,1,4,7,10
488,a,c,2890.0,4,2014,0,0,0,"0,0,0,0",0,0,0,0,0
489,a,a,14960.0,11,2013,1,37,2009,"Jan,Apr,Jul,Oct",0,1,4,7,10
490,a,a,660.0,4,2013,1,40,2014,"Jan,Apr,Jul,Oct",0,1,4,7,10
491,d,c,4680.0,1,1900,1,22,2012,"Mar,Jun,Sept,Dec",1,3,6,9,12
492,a,a,1740.0,3,2008,1,40,2012,"Jan,Apr,Jul,Oct",0,1,4,7,10
493,d,c,1150.0,1,1900,1,14,2011,"Jan,Apr,Jul,Oct",1,1,4,7,10
494,b,a,1260.0,6,2011,0,0,0,"0,0,0,0",0,0,0,0,0
495,d,a,5470.0,1,1900,1,37,2009,"Jan,Apr,Jul,Oct",1,1,4,7,10
496,d,c,2780.0,6,2015,0,0,0,"0,0,0,0",0,0,0,0,0
497,a,c,1610.0,1,1900,0,0,0,"0,0,0,0",1,0,0,0,0
498,a,a,990.0,1,1900,1,40,2014,"Jan,Apr,Jul,Oct",1,1,4,7,10
499,c,c,450.0,1,1900,1,5,2013,"Feb,May,Aug,Nov",1,2,5,8,11
500,d,c,10690.0,9,2007,1,5,2013,"Jan,Apr,Jul,Oct",0,1,4,7,10
501,a,c,1620.0,9,2006,0,0,0,"0,0,0,0",0,0,0,0,0
502,a,a,220.0,2,2002,1,37,2009,"Jan,Apr,Jul,Oct",0,1,4,7,10
503,d,c,13080.0,9,2006,1,14,2011,"Jan,Apr,Jul,Oct",0,1,4,7,10
504,c,c,820.0,1,1900,0,0,0,"0,0,0,0",1,0,0,0,0
505,a,a,350.0,1,1900,1,5,2013,"Feb,May,Aug,Nov",1,2,5,8,11
506,a,a,1850.0,12,2014,1,18,2011,"Feb,May,Aug,Nov",0,2,5,8,11
507,a,c,9070.0,4,2011,1,37,2009,"Jan,Apr,Jul,Oct",0,1,4,7,10
508,a,c,1280.0,1,1900,1,40,2011,"Jan,Apr,Jul,Oct",1,1,4,7,10
509,a,a,4740.0,7,2008,1,37,2009,"Jan,Apr,Jul,Oct",0,1,4,7,10
510,a,c,8260.0,1,1900,0,0,0,"0,0,0,0",1,0,0,0,0
511,a,a,2060.0,9,2009,0,0,0,"0,0,0,0",0,0,0,0,0
512,b,b,590.0,1,1900,1,5,2013,"Mar,Jun,Sept,Dec",1,3,6,9,12
513,a,a,400.0,8,2013,0,0,0,"0,0,0,0",0,0,0,0,0
514,c,c,1200.0,7,2012,1,27,2012,"Jan,Apr,Jul,Oct",0,1,4,7,10
515,d,c,11260.0,1,1900,1,9,2011,"Feb,May,Aug,Nov",1,2,5,8,11
516,a,c,20.0,1,1900,1,35,2010,"Mar,Jun,Sept,Dec",1,3,6,9,12
517,a,c,22490.0,1,1900,0,0,0,"0,0,0,0",1,0,0,0,0
518,d,c,3330.0,3,2015,1,13,2010,"Jan,Apr,Jul,Oct",0,1,4,7,10
519,c,c,2510.0,8,2009,1,1,2012,"Jan,Apr,Jul,Oct",0,1,4,7,10
520,a,c,6900.0,1,1900,1,40,2012,"Mar,Jun,Sept,Dec",1,3,6,9,12
521,d,a,18610.0,11,2002,1,48,2011,"Mar,Jun,Sept,Dec",0,3,6,9,12
522,d,c,7160.0,11,2012,1,9,2011,"Jan,Apr,Jul,Oct",0,1,4,7,10
523,c,c,50.0,11,2013,0,0,0,"0,0,0,0",0,0,0,0,0
524,a,c,40860.0,9,2013,0,0,0,"0,0,0,0",0,0,0,0,0
525,d,c,1870.0,9,2013,0,0,0,"0,0,0,0",0,0,0,0,0
526,a,a,120.0,1,1900,1,48,2011,"Mar,Jun,Sept,Dec",1,3,6,9,12
527,d,c,5830.0,4,2008,0,0,0,"0,0,0,0",0,0,0,0,0
528,a,c,20620.0,1,1900,1,37,2009,"Jan,Apr,Jul,Oct",1,1,4,7,10
529,d,c,12920.0,9,2012,0,0,0,"0,0,0,0",0,0,0,0,0
530,a,c,18160.0,1,1900,0,0,0,"0,0,0,0",1,0,0,0,0
531,a,c,4030.0,1,1900,0,0,0,"0,0,0,0",1,0,0,0,0
532,a,c,1070.0,8,2010,0,0,0,"0,0,0,0",0,0,0,0,0
533,a,c,5950.0,1,1900,0,0,0,"0,0,0,0",1,0,0,0,0
534,d,a,1200.0,9,2009,1,45,2009,"Jan,Apr,Jul,Oct",0,1,4,7,10
535,a,a,3570.0,4,2007,0,0,0,"0,0,0,0",0,0,0,0,0
536,a,c,4700.0,9,2002,1,31,2013,"Feb,May,Aug,Nov",0,2,5,8,11
537,a,a,600.0,5,2002,1,1,2012,"Jan,Apr,Jul,Oct",0,1,4,7,10
538,a,a,990.0,2,2010,0,0,0,"0,0,0,0",0,0,0,0,0
539,a,a,770.0,5,2013,1,40,2014,"Jan,Apr,Jul,Oct",0,1,4,7,10
540,d,c,810.0,1,1900,1,48,2012,"Jan,Apr,Jul,Oct",1,1,4,7,10
541,a,c,650.0,7,1990,0,0,0,"0,0,0,0",0,0,0,0,0
542,a,a,7280.0,9,2012,1,1,2013,"Jan,Apr,Jul,Oct",0,1,4,7,10
543,c,a,1080.0,12,2012,0,0,0,"0,0,0,0",0,0,0,0,0
544,a,a,250.0,12,2001,1,13,2010,"Jan,Apr,Jul,Oct",0,1,4,7,10
545,a,c,5020.0,5,2006,1,18,2014,"Feb,May,Aug,Nov",0,2,5,8,11
546,a,a,580.0,1,2005,0,0,0,"0,0,0,0",0,0,0,0,0
547,d,c,8990.0,11,2009,1,35,2010,"Mar,Jun,Sept,Dec",0,3,6,9,12
548,d,c,3760.0,2,2009,0,0,0,"0,0,0,0",0,0,0,0,0
549,a,c,2330.0,1,1900,0,0,0,"0,0,0,0",1,0,0,0,0
550,d,c,50.0,6,2015,0,0,0,"0,0,0,0",0,0,0,0,0
551,a,c,2190.0,9,2013,0,0,0,"0,0,0,0",0,0,0,0,0
552,a,a,4260.0,7,2008,1,37,2009,"Jan,Apr,Jul,Oct",0,1,4,7,10
553,c,a,3040.0,9,2002,1,13,2010,"Jan,Apr,Jul,Oct",0,1,4,7,10
554,c,c,1200.0,1,1900,0,0,0,"0,0,0,0",1,0,0,0,0
555,d,a,1560.0,1,2014,1,10,2013,"Mar,Jun,Sept,Dec",0,3,6,9,12
556,d,c,1140.0,11,2014,0,0,0,"0,0,0,0",0,0,0,0,0
557,a,a,250.0,1,1900,0,0,0,"0,0,0,0",1,0,0,0,0
558,a,a,3000.0,2,2010,0,0,0,"0,0,0,0",0,0,0,0,0
559,d,a,3910.0,11,2006,1,5,2013,"Feb,May,Aug,Nov",0,2,5,8,11
560,c,c,1910.0,7,2013,0,0,0,"0,0,0,0",0,0,0,0,0
561,d,a,14300.0,1,1900,0,0,0,"0,0,0,0",1,0,0,0,0
562,b,c,1210.0,1,1900,0,0,0,"0,0,0,0",1,0,0,0,0
563,a,a,700.0,3,2015,1,10,2014,"Jan,Apr,Jul,Oct",0,1,4,7,10
564,d,c,6540.0,1,1900,1,14,2013,"Jan,Apr,Jul,Oct",1,1,4,7,10
565,a,c,160.0,7,2007,0,0,0,"0,0,0,0",0,0,0,0,0
566,a,a,3620.0,1,1900,1,40,2013,"Jan,Apr,Jul,Oct",1,1,4,7,10
567,c,a,1010.0,9,2012,1,18,2011,"Feb,May,Aug,Nov",0,2,5,8,11
568,d,c,4270.0,1,1900,1,1,2013,"Jan,Apr,Jul,Oct",1,1,4,7,10
569,a,a,1340.0,9,2006,0,0,0,"0,0,0,0",0,0,0,0,0
570,a,a,180.0,11,2006,0,0,0,"0,0,0,0",0,0,0,0,0
571,d,a,2110.0,11,1995,1,40,2014,"Jan,Apr,Jul,Oct",0,1,4,7,10
572,d,c,9230.0,4,2004,1,37,2009,"Jan,Apr,Jul,Oct",0,1,4,7,10
573,a,a,1190.0,11,2012,1,36,2013,"Jan,Apr,Jul,Oct",0,1,4,7,10
574,d,a,4400.0,1,1900,0,0,0,"0,0,0,0",1,0,0,0,0
575,a,a,960.0,5,2008,1,13,2010,"Jan,Apr,Jul,Oct",0,1,4,7,10
576,c,a,50.0,11,2006,0,0,0,"0,0,0,0",0,0,0,0,0
577,a,c,2270.0,1,1900,1,35,2012,"Mar,Jun,Sept,Dec",1,3,6,9,12
578,d,a,12700.0,4,2013,0,0,0,"0,0,0,0",0,0,0,0,0
579,c,a,20970.0,11,2012,0,0,0,"0,0,0,0",0,0,0,0,0
580,a,c,170.0,2,2009,0,0,0,"0,0,0,0",0,0,0,0,0
581,a,a,7250.0,12,2013,0,0,0,"0,0,0,0",0,0,0,0,0
582,a,a,120.0,1,1900,0,0,0,"0,0,0,0",1,0,0,0,0
583,a,a,2640.0,11,2002,0,0,0,"0,0,0,0",0,0,0,0,0
584,d,a,1360.0,1,1900,1,35,2010,"Mar,Jun,Sept,Dec",1,3,6,9,12
585,d,c,440.0,4,2014,0,0,0,"0,0,0,0",0,0,0,0,0
586,a,c,250.0,10,2008,0,0,0,"0,0,0,0",0,0,0,0,0
587,d,c,330.0,9,2006,1,14,2011,"Jan,Apr,Jul,Oct",0,1,4,7,10
588,d,c,15720.0,3,2010,0,0,0,"0,0,0,0",0,0,0,0,0
589,a,c,360.0,1,1900,1,18,2013,"Feb,May,Aug,Nov",1,2,5,8,11
590,d,c,4520.0,9,2010,1,31,2013,"Jan,Apr,Jul,Oct",0,1,4,7,10
591,a,c,3340.0,1,1900,1,22,2012,"Mar,Jun,Sept,Dec",1,3,6,9,12
592,a,a,2540.0,6,2005,0,0,0,"0,0,0,0",0,0,0,0,0
593,a,c,33060.0,3,2010,0,0,0,"0,0,0,0",0,0,0,0,0
594,a,a,1790.0,10,2011,0,0,0,"0,0,0,0",0,0,0,0,0
595,c,c,1130.0,6,2015,0,0,0,"0,0,0,0",0,0,0,0,0
596,c,a,290.0,9,2006,0,0,0,"0,0,0,0",0,0,0,0,0
597,a,a,150.0,9,2008,1,1,2012,"Mar,Jun,Sept,Dec",0,3,6,9,12
598,c,a,550.0,12,2013,1,40,2014,"Jan,Apr,Jul,Oct",0,1,4,7,10
599,d,c,580.0,11,2014,0,0,0,"0,0,0,0",0,0,0,0,0
600,d,c,17340.0,6,2010,1,9,2011,"Feb,May,Aug,Nov",0,2,5,8,11
601,d,a,8220.0,4,2014,1,14,2011,"Jan,Apr,Jul,Oct",0,1,4,7,10
602,a,a,2710.0,7,2001,1,22,2012,"Mar,Jun,Sept,Dec",0,3,6,9,12
603,a,a,340.0,4,2007,1,13,2010,"Jan,Apr,Jul,Oct",0,1,4,7,10
604,d,a,10950.0,3,2014,0,0,0,"0,0,0,0",0,0,0,0,0
605,d,a,10310.0,4,2003,1,37,2009,"Jan,Apr,Jul,Oct",0,1,4,7,10
606,a,a,2260.0,11,2007,0,0,0,"0,0,0,0",0,0,0,0,0
607,a,a,350.0,8,1999,1,14,2011,"Jan,Apr,Jul,Oct",0,1,4,7,10
608,a,c,18370.0,2,2013,1,14,2011,"Jan,Apr,Jul,Oct",0,1,4,7,10
609,a,a,2070.0,9,2007,0,0,0,"0,0,0,0",0,0,0,0,0
610,a,a,660.0,1,2007,0,0,0,"0,0,0,0",0,0,0,0,0
611,a,a,8080.0,12,2002,1,40,2014,"Jan,Apr,Jul,Oct",0,1,4,7,10
612,d,c,2490.0,11,2012,1,31,2009,"Jan,Apr,Jul,Oct",0,1,4,7,10
613,c,a,250.0,6,2007,1,14,2011,"Jan,Apr,Jul,Oct",0,1,4,7,10
614,a,a,1160.0,12,2012,0,0,0,"0,0,0,0",0,0,0,0,0
615,d,a,730.0,8,2007,0,0,0,"0,0,0,0",0,0,0,0,0
616,a,c,3040.0,8,2011,1,35,2010,"Mar,Jun,Sept,Dec",0,3,6,9,12
617,a,c,8940.0,1,1900,1,9,2011,"Jan,Apr,Jul,Oct",1,1,4,7,10
618,d,c,9910.0,1,1900,0,0,0,"0,0,0,0",1,0,0,0,0
619,a,a,1600.0,6,2006,1,45,2009,"Feb,May,Aug,Nov",0,2,5,8,11
620,d,c,5440.0,1,1900,1,40,2014,"Jan,Apr,Jul,Oct",1,1,4,7,10
621,a,a,30.0,7,2002,0,0,0,"0,0,0,0",0,0,0,0,0
622,a,c,75860.0,1,1900,0,0,0,"0,0,0,0",1,0,0,0,0
623,a,a,4080.0,3,2011,1,13,2010,"Jan,Apr,Jul,Oct",0,1,4,7,10
624,a,c,6920.0,9,2011,0,0,0,"0,0,0,0",0,0,0,0,0
625,a,a,1170.0,4,2011,1,22,2012,"Feb,May,Aug,Nov",0,2,5,8,11
626,c,c,10740.0,11,2013,0,0,0,"0,0,0,0",0,0,0,0,0
627,c,c,3970.0,3,2010,0,0,0,"0,0,0,0",0,0,0,0,0
628,a,c,2180.0,1,1900,0,0,0,"0,0,0,0",1,0,0,0,0
629,d,a,510.0,7,2014,1,23,2015,"Mar,Jun,Sept,Dec",0,3,6,9,12
630,a,a,1690.0,4,2015,0,0,0,"0,0,0,0",0,0,0,0,0
631,d,c,2870.0,1,1900,1,35,2012,"Mar,Jun,Sept,Dec",1,3,6,9,12
632,a,a,3350.0,2,2010,0,0,0,"0,0,0,0",0,0,0,0,0
633,d,a,11640.0,4,2005,1,22,2011,"Jan,Apr,Jul,Oct",0,1,4,7,10
634,d,a,18610.0,1,1900,0,0,0,"0,0,0,0",1,0,0,0,0
635,a,a,27530.0,4,2014,0,0,0,"0,0,0,0",0,0,0,0,0
636,c,a,720.0,10,2004,1,13,2010,"Jan,Apr,Jul,Oct",0,1,4,7,10
637,d,c,9790.0,1,1900,1,31,2009,"Feb,May,Aug,Nov",1,2,5,8,11
638,d,a,10170.0,11,2001,0,0,0,"0,0,0,0",0,0,0,0,0
639,a,a,7780.0,11,2006,0,0,0,"0,0,0,0",0,0,0,0,0
640,d,c,8040.0,1,1900,0,0,0,"0,0,0,0",1,0,0,0,0
641,a,c,610.0,12,2003,1,36,2013,"Mar,Jun,Sept,Dec",0,3,6,9,12
642,c,c,530.0,4,2005,1,35,2010,"Mar,Jun,Sept,Dec",0,3,6,9,12
643,a,a,230.0,6,2010,1,18,2010,"Feb,May,Aug,Nov",0,2,5,8,11
644,c,a,4030.0,12,2004,1,14,2011,"Jan,Apr,Jul,Oct",0,1,4,7,10
645,a,a,90.0,1,1900,1,45,2009,"Feb,May,Aug,Nov",1,2,5,8,11
646,a,a,620.0,9,2014,0,0,0,"0,0,0,0",0,0,0,0,0
647,a,c,7420.0,4,2013,0,0,0,"0,0,0,0",0,0,0,0,0
648,d,a,2130.0,12,2008,0,0,0,"0,0,0,0",0,0,0,0,0
649,a,a,14570.0,11,2002,0,0,0,"0,0,0,0",0,0,0,0,0
650,a,a,1420.0,10,2012,1,40,2014,"Jan,Apr,Jul,Oct",0,1,4,7,10
651,a,a,200.0,1,1900,0,0,0,"0,0,0,0",1,0,0,0,0
652,a,a,20390.0,1,1900,0,0,0,"0,0,0,0",1,0,0,0,0
653,d,c,7520.0,7,2014,1,45,2009,"Feb,May,Aug,Nov",0,2,5,8,11
654,c,a,6930.0,9,2006,0,0,0,"0,0,0,0",0,0,0,0,0
655,d,c,960.0,11,2012,1,5,2013,"Feb,May,Aug,Nov",0,2,5,8,11
656,d,a,410.0,4,2009,1,13,2010,"Jan,Apr,Jul,Oct",0,1,4,7,10
657,c,c,80.0,1,2006,1,10,2014,"Jan,Apr,Jul,Oct",0,1,4,7,10
658,d,c,520.0,1,1900,1,37,2009,"Jan,Apr,Jul,Oct",1,1,4,7,10
659,d,a,1590.0,3,2012,0,0,0,"0,0,0,0",0,0,0,0,0
660,a,a,1200.0,11,2006,1,40,2014,"Jan,Apr,Jul,Oct",0,1,4,7,10
661,d,c,2140.0,7,2013,0,0,0,"0,0,0,0",0,0,0,0,0
662,d,a,1070.0,1,1900,0,0,0,"0,0,0,0",1,0,0,0,0
663,a,c,7860.0,5,2005,0,0,0,"0,0,0,0",0,0,0,0,0
664,d,c,1680.0,10,2005,0,0,0,"0,0,0,0",0,0,0,0,0
665,a,a,90.0,12,2012,1,14,2011,"Jan,Apr,Jul,Oct",0,1,4,7,10
666,c,c,2700.0,1,1900,1,9,2011,"Mar,Jun,Sept,Dec",1,3,6,9,12
667,d,c,2870.0,9,2012,0,0,0,"0,0,0,0",0,0,0,0,0
668,c,a,1270.0,9,2010,0,0,0,"0,0,0,0",0,0,0,0,0
669,d,a,17080.0,7,2012,1,31,2013,"Jan,Apr,Jul,Oct",0,1,4,7,10
670,a,a,2060.0,1,1900,1,45,2009,"Feb,May,Aug,Nov",1,2,5,8,11
671,a,c,2070.0,2,2008,1,39,2010,"Jan,Apr,Jul,Oct",0,1,4,7,10
672,c,a,240.0,9,2002,0,0,0,"0,0,0,0",0,0,0,0,0
673,d,c,15170.0,1,1900,1,5,2013,"Feb,May,Aug,Nov",1,2,5,8,11
674,a,a,2640.0,12,2005,1,31,2013,"Feb,May,Aug,Nov",0,2,5,8,11
675,a,a,2100.0,8,2013,1,14,2011,"Jan,Apr,Jul,Oct",0,1,4,7,10
676,b,b,1410.0,9,2008,0,0,0,"0,0,0,0",0,0,0,0,0
677,d,a,1740.0,6,2014,1,45,2009,"Feb,May,Aug,Nov",0,2,5,8,11
678,c,a,3250.0,1,1900,1,40,2011,"Jan,Apr,Jul,Oct",1,1,4,7,10
679,a,a,4140.0,9,2012,0,0,0,"0,0,0,0",0,0,0,0,0
680,c,a,170.0,1,1900,1,35,2012,"Mar,Jun,Sept,Dec",1,3,6,9,12
681,a,c,620.0,1,1900,1,1,2014,"Mar,Jun,Sept,Dec",1,3,6,9,12
682,b,a,150.0,9,2006,0,0,0,"0,0,0,0",0,0,0,0,0
683,a,a,2850.0,7,2014,0,0,0,"0,0,0,0",0,0,0,0,0
684,d,c,680.0,1,1900,1,22,2012,"Jan,Apr,Jul,Oct",1,1,4,7,10
685,a,a,650.0,11,2013,1,37,2009,"Jan,Apr,Jul,Oct",0,1,4,7,10
686,a,a,20050.0,4,2002,0,0,0,"0,0,0,0",0,0,0,0,0
687,d,c,2770.0,1,1900,0,0,0,"0,0,0,0",1,0,0,0,0
688,a,a,18760.0,8,2015,1,14,2011,"Jan,Apr,Jul,Oct",0,1,4,7,10
689,d,a,15040.0,10,2004,0,0,0,"0,0,0,0",0,0,0,0,0
690,a,a,100.0,1,1900,0,0,0,"0,0,0,0",1,0,0,0,0
691,d,c,3030.0,1,1900,1,37,2009,"Jan,Apr,Jul,Oct",1,1,4,7,10
692,a,a,40.0,8,2001,0,0,0,"0,0,0,0",0,0,0,0,0
693,d,a,450.0,1,1900,1,40,2011,"Jan,Apr,Jul,Oct",1,1,4,7,10
694,a,c,460.0,11,2012,1,40,2014,"Jan,Apr,Jul,Oct",0,1,4,7,10
695,a,a,550.0,7,2011,1,1,2012,"Jan,Apr,Jul,Oct",0,1,4,7,10
696,a,c,430.0,1,1900,0,0,0,"0,0,0,0",1,0,0,0,0
697,d,a,3780.0,1,1900,1,40,2011,"Jan,Apr,Jul,Oct",1,1,4,7,10
698,a,a,1790.0,5,2011,0,0,0,"0,0,0,0",0,0,0,0,0
699,a,a,180.0,1,1900,1,5,2013,"Jan,Apr,Jul,Oct",1,1,4,7,10
700,a,c,830.0,1,1900,1,27,2013,"Jan,Apr,Jul,Oct",1,1,4,7,10
701,d,a,1450.0,3,2012,1,14,2011,"Jan,Apr,Jul,Oct",0,1,4,7,10
702,a,a,8550.0,9,2001,1,45,2009,"Feb,May,Aug,Nov",0,2,5,8,11
703,a,a,80.0,6,2005,0,0,0,"0,0,0,0",0,0,0,0,0
704,d,c,1910.0,4,2009,0,0,0,"0,0,0,0",0,0,0,0,0
705,a,a,4140.0,9,2012,1,18,2011,"Feb,May,Aug,Nov",0,2,5,8,11
706,d,a,7830.0,9,2014,1,10,2014,"Mar,Jun,Sept,Dec",0,3,6,9,12
707,a,c,2900.0,7,1990,0,0,0,"0,0,0,0",0,0,0,0,0
708,c,c,11470.0,10,2009,1,18,2014,"Jan,Apr,Jul,Oct",0,1,4,7,10
709,a,a,500.0,12,2010,0,0,0,"0,0,0,0",0,0,0,0,0
710,d,a,1500.0,9,2008,1,14,2011,"Jan,Apr,Jul,Oct",0,1,4,7,10
711,d,a,17110.0,3,2007,1,5,2010,"Jan,Apr,Jul,Oct",0,1,4,7,10
712,a,a,4870.0,9,2007,1,45,2009,"Jan,Apr,Jul,Oct",0,1,4,7,10
713,a,c,220.0,1,1900,1,10,2014,"Jan,Apr,Jul,Oct",1,1,4,7,10
714,d,c,12070.0,10,2005,1,10,2013,"Jan,Apr,Jul,Oct",0,1,4,7,10
715,a,a,14810.0,6,2014,0,0,0,"0,0,0,0",0,0,0,0,0
716,d,a,3200.0,1,2008,1,22,2011,"Jan,Apr,Jul,Oct",0,1,4,7,10
717,d,c,310.0,1,1900,1,40,2011,"Jan,Apr,Jul,Oct",1,1,4,7,10
718,a,a,1100.0,6,2015,0,0,0,"0,0,0,0",0,0,0,0,0
719,c,c,8190.0,1,1900,1,45,2009,"Feb,May,Aug,Nov",1,2,5,8,11
720,a,c,15320.0,3,2011,1,14,2013,"Feb,May,Aug,Nov",0,2,5,8,11
721,a,c,3590.0,9,2012,1,22,2012,"Mar,Jun,Sept,Dec",0,3,6,9,12
722,a,a,50.0,1,1900,0,0,0,"0,0,0,0",1,0,0,0,0
723,d,c,5650.0,9,2008,1,5,2013,"Feb,May,Aug,Nov",0,2,5,8,11
724,d,c,5900.0,1,1900,0,0,0,"0,0,0,0",1,0,0,0,0
725,d,c,17540.0,6,2012,0,0,0,"0,0,0,0",0,0,0,0,0
726,a,c,40540.0,2,2002,0,0,0,"0,0,0,0",0,0,0,0,0
727,a,a,2050.0,3,2007,0,0,0,"0,0,0,0",0,0,0,0,0
728,d,a,13990.0,1,1900,1,14,2011,"Jan,Apr,Jul,Oct",1,1,4,7,10
729,c,c,8980.0,6,2011,0,0,0,"0,0,0,0",0,0,0,0,0
730,c,a,1190.0,9,2013,0,0,0,"0,0,0,0",0,0,0,0,0
731,a,a,15270.0,1,1900,1,10,2014,"Jan,Apr,Jul,Oct",1,1,4,7,10
732,a,c,35280.0,1,1900,0,0,0,"0,0,0,0",1,0,0,0,0
733,b,b,860.0,10,1999,0,0,0,"0,0,0,0",0,0,0,0,0
734,a,a,220.0,1,1900,1,36,2013,"Mar,Jun,Sept,Dec",1,3,6,9,12
735,d,c,1920.0,4,2005,0,0,0,"0,0,0,0",0,0,0,0,0
736,c,c,1650.0,1,1900,1,14,2011,"Jan,Apr,Jul,Oct",1,1,4,7,10
737,a,a,100.0,5,2007,1,31,2013,"Jan,Apr,Jul,Oct",0,1,4,7,10
738,d,c,5980.0,10,2005,0,0,0,"0,0,0,0",0,0,0,0,0
739,d,c,2770.0,6,2008,1,22,2011,"Jan,Apr,Jul,Oct",0,1,4,7,10
740,d,a,6400.0,3,2014,0,0,0,"0,0,0,0",0,0,0,0,0
741,d,c,11900.0,1,1900,0,0,0,"0,0,0,0",1,0,0,0,0
742,d,c,4380.0,1,1900,0,0,0,"0,0,0,0",1,0,0,0,0
743,a,a,6710.0,11,2003,1,14,2012,"Jan,Apr,Jul,Oct",0,1,4,7,10
744,a,a,1370.0,12,2011,1,40,2014,"Jan,Apr,Jul,Oct",0,1,4,7,10
745,a,a,17650.0,11,2013,1,37,2009,"Jan,Apr,Jul,Oct",0,1,4,7,10
746,d,c,4330.0,2,2011,1,35,2011,"Mar,Jun,Sept,Dec",0,3,6,9,12
747,c,c,45740.0,8,2008,0,0,0,"0,0,0,0",0,0,0,0,0
748,d,a,2380.0,3,2010,1,14,2011,"Jan,Apr,Jul,Oct",0,1,4,7,10
749,a,a,3410.0,8,2011,1,14,2015,"Jan,Apr,Jul,Oct",0,1,4,7,10
750,d,a,8670.0,2,2002,1,14,2011,"Jan,Apr,Jul,Oct",0,1,4,7,10
751,a,a,650.0,10,2006,0,0,0,"0,0,0,0",0,0,0,0,0
752,a,a,970.0,3,2013,1,31,2013,"Feb,May,Aug,Nov",0,2,5,8,11
753,d,c,540.0,11,2012,1,35,2010,"Mar,Jun,Sept,Dec",0,3,6,9,12
754,c,c,380.0,5,2008,1,10,2014,"Mar,Jun,Sept,Dec",0,3,6,9,12
755,d,c,13130.0,12,2003,0,0,0,"0,0,0,0",0,0,0,0,0
756,a,c,50.0,1,1900,1,40,2011,"Jan,Apr,Jul,Oct",1,1,4,7,10
757,a,c,3450.0,1,1900,0,0,0,"0,0,0,0",1,0,0,0,0
758,a,c,19780.0,6,2008,0,0,0,"0,0,0,0",0,0,0,0,0
759,a,a,110.0,11,2012,1,31,2013,"Feb,May,Aug,Nov",0,2,5,8,11
760,a,a,560.0,1,2011,0,0,0,"0,0,0,0",0,0,0,0,0
761,a,a,2390.0,9,2012,0,0,0,"0,0,0,0",0,0,0,0,0
762,d,c,1280.0,1,1900,1,10,2013,"Mar,Jun,Sept,Dec",1,3,6,9,12
763,d,c,32240.0,3,2010,0,0,0,"0,0,0,0",0,0,0,0,0
764,a,c,26490.0,1,1900,1,10,2014,"Mar,Jun,Sept,Dec",1,3,6,9,12
765,a,c,25430.0,5,1999,1,37,2009,"Jan,Apr,Jul,Oct",0,1,4,7,10
766,d,c,9820.0,1,1900,0,0,0,"0,0,0,0",1,0,0,0,0
767,a,c,13080.0,1,1900,0,0,0,"0,0,0,0",1,0,0,0,0
768,a,c,2630.0,9,2012,0,0,0,"0,0,0,0",0,0,0,0,0
769,b,b,840.0,1,1900,1,48,2012,"Jan,Apr,Jul,Oct",1,1,4,7,10
770,a,c,100.0,4,2015,0,0,0,"0,0,0,0",0,0,0,0,0
771,a,a,20640.0,9,2007,0,0,0,"0,0,0,0",0,0,0,0,0
772,d,c,1850.0,1,1900,0,0,0,"0,0,0,0",1,0,0,0,0
773,a,a,200.0,1,1900,0,0,0,"0,0,0,0",1,0,0,0,0
774,a,c,640.0,9,2013,0,0,0,"0,0,0,0",0,0,0,0,0
775,d,c,6970.0,12,2005,1,22,2011,"Jan,Apr,Jul,Oct",0,1,4,7,10
776,c,a,700.0,4,2009,1,14,2011,"Jan,Apr,Jul,Oct",0,1,4,7,10
777,d,c,8250.0,10,2004,1,10,2013,"Mar,Jun,Sept,Dec",0,3,6,9,12
778,a,a,340.0,6,2003,1,40,2014,"Jan,Apr,Jul,Oct",0,1,4,7,10
779,a,a,16990.0,4,2004,0,0,0,"0,0,0,0",0,0,0,0,0
780,a,a,18160.0,1,1900,0,0,0,"0,0,0,0",1,0,0,0,0
781,a,a,630.0,4,2007,0,0,0,"0,0,0,0",0,0,0,0,0
782,c,c,5390.0,8,2003,1,1,2012,"Jan,Apr,Jul,Oct",0,1,4,7,10
783,d,c,15490.0,1,1900,0,0,0,"0,0,0,0",1,0,0,0,0
784,a,a,560.0,10,2014,1,10,2014,"Jan,Apr,Jul,Oct",0,1,4,7,10
785,d,c,970.0,7,2005,1,31,2013,"Feb,May,Aug,Nov",0,2,5,8,11
786,a,a,290.0,11,2006,1,5,2013,"Feb,May,Aug,Nov",0,2,5,8,11
787,c,c,3210.0,6,2009,0,0,0,"0,0,0,0",0,0,0,0,0
788,a,c,1530.0,3,2013,0,0,0,"0,0,0,0",0,0,0,0,0
789,a,c,9770.0,7,2003,0,0,0,"0,0,0,0",0,0,0,0,0
790,d,c,9070.0,12,2003,0,0,0,"0,0,0,0",0,0,0,0,0
791,a,a,5950.0,4,2007,0,0,0,"0,0,0,0",0,0,0,0,0
792,d,a,17280.0,10,2009,1,18,2011,"Feb,May,Aug,Nov",0,2,5,8,11
793,d,a,2710.0,7,2006,0,0,0,"0,0,0,0",0,0,0,0,0
794,c,c,5090.0,9,2006,0,0,0,"0,0,0,0",0,0,0,0,0
795,d,a,510.0,1,1900,1,35,2010,"Mar,Jun,Sept,Dec",1,3,6,9,12
796,a,c,7180.0,11,2012,0,0,0,"0,0,0,0",0,0,0,0,0
797,a,a,2090.0,10,2012,1,40,2014,"Jan,Apr,Jul,Oct",0,1,4,7,10
798,a,a,9560.0,4,2001,0,0,0,"0,0,0,0",0,0,0,0,0
799,a,c,2700.0,1,1900,0,0,0,"0,0,0,0",1,0,0,0,0
800,d,a,2020.0,7,2014,0,0,0,"0,0,0,0",0,0,0,0,0
801,d,a,48330.0,4,2013,0,0,0,"0,0,0,0",0,0,0,0,0
802,a,c,910.0,1,1900,1,22,2011,"Feb,May,Aug,Nov",1,2,5,8,11
803,d,a,1760.0,1,1900,1,10,2014,"Mar,Jun,Sept,Dec",1,3,6,9,12
804,c,c,2100.0,1,1900,1,1,2013,"Jan,Apr,Jul,Oct",1,1,4,7,10
805,d,a,24770.0,10,2011,1,10,2014,"Mar,Jun,Sept,Dec",0,3,6,9,12
806,d,a,260.0,1,1900,1,44,2010,"Feb,May,Aug,Nov",1,2,5,8,11
807,a,a,3870.0,4,2008,0,0,0,"0,0,0,0",0,0,0,0,0
808,a,a,18620.0,1,1900,1,31,2009,"Feb,May,Aug,Nov",1,2,5,8,11
809,a,a,12770.0,10,2000,0,0,0,"0,0,0,0",0,0,0,0,0
810,d,c,9640.0,11,2013,0,0,0,"0,0,0,0",0,0,0,0,0
811,a,a,410.0,9,2012,0,0,0,"0,0,0,0",0,0,0,0,0
812,d,a,2590.0,9,2012,0,0,0,"0,0,0,0",0,0,0,0,0
813,a,a,1560.0,9,2003,0,0,0,"0,0,0,0",0,0,0,0,0
814,d,c,24530.0,7,2013,0,0,0,"0,0,0,0",0,0,0,0,0
815,a,a,590.0,1,1900,1,40,2014,"Jan,Apr,Jul,Oct",0,1,4,7,10
816,c,c,460.0,1,1900,0,0,0,"0,0,0,0",1,0,0,0,0
817,a,a,140.0,3,2006,0,0,0,"0,0,0,0",0,0,0,0,0
818,d,a,490.0,1,1900,1,35,2010,"Mar,Jun,Sept,Dec",1,3,6,9,12
819,a,c,720.0,10,2014,0,0,0,"0,0,0,0",0,0,0,0,0
820,a,c,1650.0,1,1900,1,40,2014,"Jan,Apr,Jul,Oct",1,1,4,7,10
821,a,a,1700.0,9,2009,0,0,0,"0,0,0,0",0,0,0,0,0
822,a,c,410.0,11,2010,1,48,2010,"Mar,Jun,Sept,Dec",0,3,6,9,12
823,a,c,16210.0,11,2010,0,0,0,"0,0,0,0",0,0,0,0,0
824,a,a,17570.0,1,1900,0,0,0,"0,0,0,0",1,0,0,0,0
825,a,a,380.0,5,2011,1,40,2014,"Jan,Apr,Jul,Oct",0,1,4,7,10
826,a,c,7980.0,6,2005,0,0,0,"0,0,0,0",0,0,0,0,0
827,a,c,250.0,1,2005,0,0,0,"0,0,0,0",0,0,0,0,0
828,d,c,3290.0,12,2014,0,0,0,"0,0,0,0",0,0,0,0,0
829,c,a,110.0,1,1900,0,0,0,"0,0,0,0",1,0,0,0,0
830,a,c,6320.0,1,1900,1,5,2011,"Jan,Apr,Jul,Oct",1,1,4,7,10
831,a,a,800.0,6,2007,0,0,0,"0,0,0,0",0,0,0,0,0
832,d,a,5070.0,1,1900,1,45,2009,"Feb,May,Aug,Nov",1,2,5,8,11
833,d,c,3290.0,12,1999,1,35,2010,"Mar,Jun,Sept,Dec",0,3,6,9,12
834,a,a,3470.0,3,2012,0,0,0,"0,0,0,0",0,0,0,0,0
835,a,a,2890.0,12,2007,1,10,2014,"Mar,Jun,Sept,Dec",0,3,6,9,12
836,a,a,2720.0,9,2012,0,0,0,"0,0,0,0",0,0,0,0,0
837,a,c,14600.0,4,2015,0,0,0,"0,0,0,0",0,0,0,0,0
838,d,c,6890.0,1,1900,1,48,2011,"Mar,Jun,Sept,Dec",1,3,6,9,12
839,c,a,240.0,1,2015,0,0,0,"0,0,0,0",0,0,0,0,0
840,a,a,1070.0,9,2009,0,0,0,"0,0,0,0",0,0,0,0,0
841,a,a,27650.0,8,2004,0,0,0,"0,0,0,0",0,0,0,0,0
842,d,c,1200.0,11,2007,0,0,0,"0,0,0,0",0,0,0,0,0
843,c,a,60.0,4,2006,0,0,0,"0,0,0,0",0,0,0,0,0
844,a,a,2030.0,9,2012,1,18,2011,"Feb,May,Aug,Nov",0,2,5,8,11
845,d,a,7860.0,11,2005,1,14,2011,"Jan,Apr,Jul,Oct",0,1,4,7,10
846,a,c,8860.0,4,2004,1,37,2009,"Jan,Apr,Jul,Oct",0,1,4,7,10
847,c,c,190.0,1,1900,1,31,2013,"Feb,May,Aug,Nov",1,2,5,8,11
848,a,c,370.0,7,2007,1,14,2011,"Jan,Apr,Jul,Oct",0,1,4,7,10
849,c,c,5000.0,1,1900,0,0,0,"0,0,0,0",1,0,0,0,0
850,d,a,1120.0,5,2007,1,31,2013,"Jan,Apr,Jul,Oct",0,1,4,7,10
851,d,c,2330.0,1,1900,1,49,2014,"Mar,Jun,Sept,Dec",1,3,6,9,12
852,c,a,940.0,4,2004,1,14,2011,"Jan,Apr,Jul,Oct",0,1,4,7,10
853,a,a,14040.0,1,1900,0,0,0,"0,0,0,0",1,0,0,0,0
854,c,a,4770.0,1,1900,1,13,2010,"Jan,Apr,Jul,Oct",1,1,4,7,10
855,a,a,3440.0,1,1900,1,45,2009,"Feb,May,Aug,Nov",1,2,5,8,11
856,a,a,3020.0,2,2010,0,0,0,"0,0,0,0",0,0,0,0,0
857,c,a,6270.0,8,2005,1,23,2014,"Mar,Jun,Sept,Dec",0,3,6,9,12
858,a,a,3370.0,12,2008,1,40,2014,"Jan,Apr,Jul,Oct",0,1,4,7,10
859,c,a,21770.0,7,2015,0,0,0,"0,0,0,0",0,0,0,0,0
860,c,c,5980.0,2,2010,0,0,0,"0,0,0,0",0,0,0,0,0
861,c,c,740.0,1,1900,1,14,2013,"Mar,Jun,Sept,Dec",1,3,6,9,12
862,a,c,2840.0,3,2010,1,14,2011,"Jan,Apr,Jul,Oct",0,1,4,7,10
863,a,c,21370.0,11,2010,0,0,0,"0,0,0,0",0,0,0,0,0
864,a,a,1020.0,10,2012,1,45,2009,"Feb,May,Aug,Nov",0,2,5,8,11
865,d,c,2640.0,1,1900,0,0,0,"0,0,0,0",1,0,0,0,0
866,d,a,9680.0,1,1900,1,5,2013,"Feb,May,Aug,Nov",1,2,5,8,11
867,d,c,21810.0,9,2012,0,0,0,"0,0,0,0",0,0,0,0,0
868,d,c,1360.0,8,2005,1,10,2014,"Jan,Apr,Jul,Oct",0,1,4,7,10
869,c,a,230.0,10,2001,1,14,2011,"Jan,Apr,Jul,Oct",0,1,4,7,10
870,a,a,780.0,4,2009,0,0,0,"0,0,0,0",0,0,0,0,0
871,d,c,10620.0,1,1900,0,0,0,"0,0,0,0",1,0,0,0,0
872,a,c,3860.0,9,2014,1,23,2015,"Mar,Jun,Sept,Dec",0,3,6,9,12
873,a,a,2040.0,11,2008,0,0,0,"0,0,0,0",0,0,0,0,0
874,a,a,3210.0,1,1900,0,0,0,"0,0,0,0",1,0,0,0,0
875,d,a,5070.0,11,2007,1,18,2015,"Feb,May,Aug,Nov",0,2,5,8,11
876,a,a,21790.0,4,2005,1,18,2015,"Feb,May,Aug,Nov",0,2,5,8,11
877,a,c,29190.0,1,1900,0,0,0,"0,0,0,0",1,0,0,0,0
878,d,c,1100.0,12,2014,0,0,0,"0,0,0,0",0,0,0,0,0
879,d,a,75860.0,1,1900,1,5,2013,"Feb,May,Aug,Nov",1,2,5,8,11
880,a,c,4570.0,1,1900,0,0,0,"0,0,0,0",1,0,0,0,0
881,a,a,180.0,3,2008,1,31,2013,"Feb,May,Aug,Nov",0,2,5,8,11
882,a,a,30.0,4,2013,0,0,0,"0,0,0,0",0,0,0,0,0
883,a,a,3200.0,6,2005,0,0,0,"0,0,0,0",0,0,0,0,0
884,d,c,7550.0,1,1900,0,0,0,"0,0,0,0",1,0,0,0,0
885,a,a,480.0,12,2005,0,0,0,"0,0,0,0",0,0,0,0,0
886,a,c,12430.0,10,2004,0,0,0,"0,0,0,0",0,0,0,0,0
887,d,a,19700.0,1,1900,1,37,2009,"Jan,Apr,Jul,Oct",1,1,4,7,10
888,d,a,4450.0,6,2012,1,35,2012,"Mar,Jun,Sept,Dec",0,3,6,9,12
889,d,a,18670.0,12,2005,0,0,0,"0,0,0,0",0,0,0,0,0
890,a,a,4450.0,1,1900,1,14,2011,"Jan,Apr,Jul,Oct",1,1,4,7,10
891,a,c,350.0,1,1900,1,31,2013,"Feb,May,Aug,Nov",1,2,5,8,11
892,a,a,19370.0,4,2002,0,0,0,"0,0,0,0",0,0,0,0,0
893,a,a,130.0,1,1900,1,1,2013,"Jan,Apr,Jul,Oct",1,1,4,7,10
894,a,a,190.0,11,2012,0,0,0,"0,0,0,0",0,0,0,0,0
895,a,c,4150.0,1,1900,0,0,0,"0,0,0,0",1,0,0,0,0
896,a,c,170.0,9,2012,0,0,0,"0,0,0,0",0,0,0,0,0
897,c,c,3290.0,1,2007,1,5,2013,"Feb,May,Aug,Nov",0,2,5,8,11
898,a,a,18540.0,1,1900,0,0,0,"0,0,0,0",1,0,0,0,0
899,d,a,2590.0,1,1900,1,13,2010,"Jan,Apr,Jul,Oct",1,1,4,7,10
900,a,a,3920.0,4,2005,1,40,2014,"Jan,Apr,Jul,Oct",0,1,4,7,10
901,a,c,3170.0,4,2014,0,0,0,"0,0,0,0",0,0,0,0,0
902,a,a,310.0,5,2015,1,40,2014,"Jan,Apr,Jul,Oct",0,1,4,7,10
903,d,c,7290.0,9,2014,0,0,0,"0,0,0,0",0,0,0,0,0
904,d,c,570.0,7,2013,1,14,2011,"Jan,Apr,Jul,Oct",0,1,4,7,10
905,a,a,90.0,6,2014,0,0,0,"0,0,0,0",0,0,0,0,0
906,a,a,90.0,7,2010,0,0,0,"0,0,0,0",0,0,0,0,0
907,a,c,250.0,1,1900,0,0,0,"0,0,0,0",1,0,0,0,0
908,a,a,1980.0,7,2010,1,37,2009,"Jan,Apr,Jul,Oct",0,1,4,7,10
909,a,c,1680.0,1,1900,1,45,2009,"Feb,May,Aug,Nov",1,2,5,8,11
910,d,c,12480.0,1,1900,1,1,2013,"Jan,Apr,Jul,Oct",1,1,4,7,10
911,a,c,16490.0,1,1900,0,0,0,"0,0,0,0",1,0,0,0,0
912,c,c,3100.0,5,2010,0,0,0,"0,0,0,0",0,0,0,0,0
913,a,a,280.0,1,1900,0,0,0,"0,0,0,0",1,0,0,0,0
914,c,c,2640.0,4,2011,1,22,2012,"Mar,Jun,Sept,Dec",0,3,6,9,12
915,d,c,650.0,3,2013,1,40,2014,"Jan,Apr,Jul,Oct",0,1,4,7,10
916,a,a,90.0,11,2012,0,0,0,"0,0,0,0",0,0,0,0,0
917,a,a,7240.0,2,2010,0,0,0,"0,0,0,0",0,0,0,0,0
918,a,c,18710.0,4,2015,0,0,0,"0,0,0,0",0,0,0,0,0
919,a,a,2620.0,1,1900,1,45,2009,"Feb,May,Aug,Nov",1,2,5,8,11
920,a,a,850.0,2,2012,1,40,2014,"Jan,Apr,Jul,Oct",0,1,4,7,10
921,a,a,840.0,9,2006,0,0,0,"0,0,0,0",0,0,0,0,0
922,d,a,2110.0,3,2006,0,0,0,"0,0,0,0",0,0,0,0,0
923,a,a,280.0,9,2008,0,0,0,"0,0,0,0",0,0,0,0,0
924,a,a,6420.0,4,2011,1,1,2012,"Jan,Apr,Jul,Oct",0,1,4,7,10
925,c,a,470.0,3,2007,1,1,2012,"Jan,Apr,Jul,Oct",0,1,4,7,10
926,d,c,5150.0,3,2011,1,13,2010,"Jan,Apr,Jul,Oct",0,1,4,7,10
927,a,a,480.0,1,1900,0,0,0,"0,0,0,0",1,0,0,0,0
928,d,c,1090.0,1,1900,1,31,2013,"Feb,May,Aug,Nov",1,2,5,8,11
929,a,c,4820.0,9,2013,0,0,0,"0,0,0,0",0,0,0,0,0
930,a,a,70.0,1,1900,0,0,0,"0,0,0,0",1,0,0,0,0
931,a,c,1480.0,9,2011,1,1,2012,"Jan,Apr,Jul,Oct",0,1,4,7,10
932,a,a,15700.0,1,1900,1,13,2010,"Jan,Apr,Jul,Oct",1,1,4,7,10
933,a,c,6270.0,2,2005,0,0,0,"0,0,0,0",0,0,0,0,0
934,a,c,5460.0,1,1900,1,14,2011,"Jan,Apr,Jul,Oct",1,1,4,7,10
935,a,c,22350.0,6,2010,0,0,0,"0,0,0,0",0,0,0,0,0
936,a,a,580.0,2,2008,0,0,0,"0,0,0,0",0,0,0,0,0
937,d,a,2810.0,1,1900,1,10,2014,"Jan,Apr,Jul,Oct",1,1,4,7,10
938,a,a,2820.0,9,2009,0,0,0,"0,0,0,0",0,0,0,0,0
939,d,a,1340.0,1,1900,0,0,0,"0,0,0,0",1,0,0,0,0
940,d,c,6470.0,9,2012,0,0,0,"0,0,0,0",0,0,0,0,0
941,a,a,1200.0,12,2011,1,31,2013,"Jan,Apr,Jul,Oct",0,1,4,7,10
942,d,c,6860.0,1,1900,1,18,2011,"Jan,Apr,Jul,Oct",1,1,4,7,10
943,d,c,18020.0,1,1900,0,0,0,"0,0,0,0",1,0,0,0,0
944,c,a,1670.0,7,2015,0,0,0,"0,0,0,0",0,0,0,0,0
945,a,c,12480.0,3,2011,0,0,0,"0,0,0,0",0,0,0,0,0
946,a,a,2220.0,12,2011,1,14,2015,"Jan,Apr,Jul,Oct",0,1,4,7,10
947,a,a,460.0,3,2014,1,13,2010,"Jan,Apr,Jul,Oct",0,1,4,7,10
948,b,b,1430.0,1,1900,0,0,0,"0,0,0,0",1,0,0,0,0
949,a,a,870.0,3,2006,0,0,0,"0,0,0,0",0,0,0,0,0
950,a,a,8460.0,11,1994,0,0,0,"0,0,0,0",0,0,0,0,0
951,d,c,710.0,1,1900,1,40,2011,"Jan,Apr,Jul,Oct",1,1,4,7,10
952,d,c,6300.0,10,2013,0,0,0,"0,0,0,0",0,0,0,0,0
953,a,a,19830.0,4,2006,1,22,2011,"Mar,Jun,Sept,Dec",0,3,6,9,12
954,a,a,390.0,2,2013,1,10,2014,"Jan,Apr,Jul,Oct",0,1,4,7,10
955,d,c,1690.0,7,2009,1,36,2013,"Mar,Jun,Sept,Dec",0,3,6,9,12
956,a,a,2330.0,10,2014,1,18,2011,"Feb,May,Aug,Nov",0,2,5,8,11
957,d,c,1420.0,11,2012,0,0,0,"0,0,0,0",0,0,0,0,0
958,a,a,440.0,11,2013,0,0,0,"0,0,0,0",0,0,0,0,0
959,a,c,1060.0,12,2005,0,0,0,"0,0,0,0",0,0,0,0,0
960,d,a,8990.0,1,1900,1,31,2009,"Feb,May,Aug,Nov",1,2,5,8,11
961,d,c,9430.0,1,1900,0,0,0,"0,0,0,0",1,0,0,0,0
962,c,a,260.0,1,1900,0,0,0,"0,0,0,0",1,0,0,0,0
963,a,c,23620.0,11,2013,0,0,0,"0,0,0,0",0,0,0,0,0
964,a,a,270.0,1,1900,1,5,2013,"Feb,May,Aug,Nov",1,2,5,8,11
965,a,c,110.0,1,1900,0,0,0,"0,0,0,0",1,0,0,0,0
966,a,a,760.0,2,2008,0,0,0,"0,0,0,0",0,0,0,0,0
967,a,c,3560.0,9,2013,1,36,2013,"Jan,Apr,Jul,Oct",0,1,4,7,10
968,c,a,1190.0,1,1900,0,0,0,"0,0,0,0",1,0,0,0,0
969,a,c,600.0,11,1999,1,10,2013,"Jan,Apr,Jul,Oct",0,1,4,7,10
970,a,a,910.0,12,2014,1,37,2009,"Jan,Apr,Jul,Oct",0,1,4,7,10
971,c,a,1140.0,5,2011,1,14,2012,"Mar,Jun,Sept,Dec",0,3,6,9,12
972,a,a,14960.0,1,1900,0,0,0,"0,0,0,0",1,0,0,0,0
973,d,c,330.0,1,1900,1,28,2012,"Jan,Apr,Jul,Oct",1,1,4,7,10
974,a,a,150.0,3,2011,1,40,2014,"Jan,Apr,Jul,Oct",0,1,4,7,10
975,a,c,9630.0,1,1900,1,14,2011,"Jan,Apr,Jul,Oct",1,1,4,7,10
976,a,a,4180.0,1,1900,0,0,0,"0,0,0,0",1,0,0,0,0
977,a,a,520.0,9,2005,1,13,2010,"Jan,Apr,Jul,Oct",0,1,4,7,10
978,c,c,3890.0,1,1900,0,0,0,"0,0,0,0",1,0,0,0,0
979,a,c,2270.0,11,2005,1,14,2011,"Jan,Apr,Jul,Oct",0,1,4,7,10
980,a,a,4420.0,9,2005,0,0,0,"0,0,0,0",0,0,0,0,0
981,d,c,2620.0,11,2002,0,0,0,"0,0,0,0",0,0,0,0,0
982,d,a,21930.0,1,1900,0,0,0,"0,0,0,0",1,0,0,0,0
983,a,a,40.0,3,2014,1,1,2014,"Jan,Apr,Jul,Oct",0,1,4,7,10
984,c,a,440.0,1,1900,1,1,2013,"Jan,Apr,Jul,Oct",1,1,4,7,10
985,c,c,490.0,5,2007,1,13,2010,"Jan,Apr,Jul,Oct",0,1,4,7,10
986,a,a,620.0,10,2014,1,18,2014,"Feb,May,Aug,Nov",0,2,5,8,11
987,c,a,1690.0,6,2007,0,0,0,"0,0,0,0",0,0,0,0,0
988,a,a,30.0,11,2012,0,0,0,"0,0,0,0",0,0,0,0,0
989,a,a,1640.0,6,2006,1,40,2011,"Jan,Apr,Jul,Oct",0,1,4,7,10
990,d,a,20930.0,1,1900,0,0,0,"0,0,0,0",1,0,0,0,0
991,a,a,1010.0,1,1900,0,0,0,"0,0,0,0",1,0,0,0,0
992,a,a,2480.0,7,1990,0,0,0,"0,0,0,0",0,0,0,0,0
993,d,c,3460.0,10,2013,1,10,2014,"Jan,Apr,Jul,Oct",0,1,4,7,10
994,a,a,2290.0,7,2011,1,1,2012,"Jan,Apr,Jul,Oct",0,1,4,7,10
995,d,a,6560.0,12,2013,0,0,0,"0,0,0,0",0,0,0,0,0
996,c,a,2870.0,7,2015,1,13,2010,"Jan,Apr,Jul,Oct",0,1,4,7,10
997,d,c,5840.0,7,2010,1,37,2009,"Jan,Apr,Jul,Oct",0,1,4,7,10
998,a,a,780.0,9,2005,1,5,2013,"Feb,May,Aug,Nov",0,2,5,8,11
999,d,c,15140.0,2,2002,1,37,2009,"Jan,Apr,Jul,Oct",0,1,4,7,10
1000,a,c,2230.0,5,2009,1,40,2014,"Jan,Apr,Jul,Oct",0,1,4,7,10
1001,c,a,19640.0,1,1900,1,14,2011,"Jan,Apr,Jul,Oct",1,1,4,7,10
1002,d,c,1130.0,11,2008,0,0,0,"0,0,0,0",0,0,0,0,0
1003,a,a,170.0,7,2013,1,27,2013,"Jan,Apr,Jul,Oct",0,1,4,7,10
1004,d,c,970.0,1,1900,1,9,2011,"Mar,Jun,Sept,Dec",1,3,6,9,12
1005,a,a,6480.0,1,1900,0,0,0,"0,0,0,0",1,0,0,0,0
1006,c,c,3890.0,11,2006,1,5,2013,"Feb,May,Aug,Nov",0,2,5,8,11
1007,c,c,4180.0,9,2012,0,0,0,"0,0,0,0",0,0,0,0,0
1008,a,c,30.0,9,2010,0,0,0,"0,0,0,0",0,0,0,0,0
1009,a,a,230.0,7,2004,1,10,2014,"Jan,Apr,Jul,Oct",0,1,4,7,10
1010,d,c,4610.0,6,2010,1,18,2010,"Feb,May,Aug,Nov",0,2,5,8,11
1011,a,c,490.0,9,2012,1,18,2011,"Feb,May,Aug,Nov",0,2,5,8,11
1012,d,c,6330.0,6,2004,1,39,2010,"Jan,Apr,Jul,Oct",0,1,4,7,10
1013,a,a,630.0,2,2015,1,31,2013,"Feb,May,Aug,Nov",0,2,5,8,11
1014,a,c,210.0,1,1900,1,31,2013,"Jan,Apr,Jul,Oct",1,1,4,7,10
1015,d,c,9910.0,12,2010,1,9,2011,"Mar,Jun,Sept,Dec",0,3,6,9,12
1016,c,c,550.0,1,1900,1,35,2010,"Mar,Jun,Sept,Dec",1,3,6,9,12
1017,c,a,110.0,11,2008,0,0,0,"0,0,0,0",0,0,0,0,0
1018,c,c,140.0,9,2012,0,0,0,"0,0,0,0",0,0,0,0,0
1019,d,c,2740.0,7,2014,1,13,2010,"Jan,Apr,Jul,Oct",0,1,4,7,10
1020,a,a,40.0,8,2015,0,0,0,"0,0,0,0",0,0,0,0,0
1021,a,a,1080.0,5,2011,0,0,0,"0,0,0,0",0,0,0,0,0
1022,a,c,1520.0,1,1900,0,0,0,"0,0,0,0",1,0,0,0,0
1023,c,a,3740.0,2,2002,1,14,2011,"Jan,Apr,Jul,Oct",0,1,4,7,10
1024,c,c,1990.0,1,2012,0,0,0,"0,0,0,0",0,0,0,0,0
1025,a,a,720.0,11,2009,0,0,0,"0,0,0,0",0,0,0,0,0
1026,c,a,450.0,6,2011,1,48,2012,"Mar,Jun,Sept,Dec",0,3,6,9,12
1027,a,c,190.0,6,2008,1,40,2011,"Jan,Apr,Jul,Oct",0,1,4,7,10
1028,a,a,150.0,1,1900,1,31,2013,"Jan,Apr,Jul,Oct",1,1,4,7,10
1029,a,a,1590.0,3,2006,0,0,0,"0,0,0,0",0,0,0,0,0
1030,a,a,36410.0,4,2008,0,0,0,"0,0,0,0",0,0,0,0,0
1031,d,a,590.0,5,2001,0,0,0,"0,0,0,0",0,0,0,0,0
1032,d,c,270.0,2,2013,1,40,2012,"Jan,Apr,Jul,Oct",0,1,4,7,10
1033,a,a,7680.0,3,2006,0,0,0,"0,0,0,0",0,0,0,0,0
1034,a,a,13750.0,4,2015,0,0,0,"0,0,0,0",0,0,0,0,0
1035,a,a,27150.0,1,1900,0,0,0,"0,0,0,0",1,0,0,0,0
1036,d,c,9560.0,1,1900,1,36,2013,"Jan,Apr,Jul,Oct",1,1,4,7,10
1037,a,c,150.0,1,1900,0,0,0,"0,0,0,0",1,0,0,0,0
1038,d,a,17290.0,10,2013,0,0,0,"0,0,0,0",0,0,0,0,0
1039,a,c,70.0,6,1990,1,22,2012,"Mar,Jun,Sept,Dec",0,3,6,9,12
1040,a,a,4030.0,2,2013,1,10,2014,"Jan,Apr,Jul,Oct",0,1,4,7,10
1041,c,a,1600.0,8,2013,1,40,2014,"Jan,Apr,Jul,Oct",0,1,4,7,10
1042,a,a,3440.0,1,1900,1,31,2013,"Feb,May,Aug,Nov",1,2,5,8,11
1043,c,a,420.0,3,2006,0,0,0,"0,0,0,0",0,0,0,0,0
1044,c,a,240.0,4,2015,1,13,2010,"Jan,Apr,Jul,Oct",0,1,4,7,10
1045,a,c,26990.0,12,2013,0,0,0,"0,0,0,0",0,0,0,0,0
1046,d,c,29070.0,4,2005,0,0,0,"0,0,0,0",0,0,0,0,0
1047,a,a,3750.0,1,1900,1,45,2009,"Feb,May,Aug,Nov",1,2,5,8,11
1048,d,c,1860.0,9,2012,1,40,2012,"Jan,Apr,Jul,Oct",0,1,4,7,10
1049,a,a,370.0,7,2012,1,14,2011,"Jan,Apr,Jul,Oct",0,1,4,7,10
1050,d,c,13170.0,8,2014,1,9,2011,"Mar,Jun,Sept,Dec",0,3,6,9,12
1051,c,a,200.0,7,1998,1,1,2012,"Jan,Apr,Jul,Oct",0,1,4,7,10
1052,a,c,5080.0,1,1900,1,31,2013,"Feb,May,Aug,Nov",1,2,5,8,11
1053,a,a,1710.0,7,2015,0,0,0,"0,0,0,0",0,0,0,0,0
1054,a,c,13190.0,1,1900,1,45,2013,"Feb,May,Aug,Nov",1,2,5,8,11
1055,c,a,1980.0,4,2009,0,0,0,"0,0,0,0",0,0,0,0,0
1056,d,c,5350.0,1,1900,1,40,2012,"Jan,Apr,Jul,Oct",1,1,4,7,10
1057,d,c,3230.0,11,2011,0,0,0,"0,0,0,0",0,0,0,0,0
1058,a,c,180.0,1,1900,1,35,2010,"Mar,Jun,Sept,Dec",1,3,6,9,12
1059,c,a,3380.0,4,2013,0,0,0,"0,0,0,0",0,0,0,0,0
1060,a,c,3430.0,1,1900,1,31,2013,"Feb,May,Aug,Nov",1,2,5,8,11
1061,d,c,8110.0,1,1900,0,0,0,"0,0,0,0",1,0,0,0,0
1062,d,a,190.0,9,2012,1,40,2012,"Feb,May,Aug,Nov",0,2,5,8,11
1063,a,c,6250.0,1,1900,0,0,0,"0,0,0,0",1,0,0,0,0
1064,a,c,420.0,1,1900,0,0,0,"0,0,0,0",1,0,0,0,0
1065,a,a,1290.0,1,1900,1,35,2011,"Mar,Jun,Sept,Dec",1,3,6,9,12
1066,a,a,3350.0,1,1900,0,0,0,"0,0,0,0",1,0,0,0,0
1067,d,c,12020.0,7,2009,0,0,0,"0,0,0,0",0,0,0,0,0
1068,d,c,5010.0,1,1900,1,5,2013,"Jan,Apr,Jul,Oct",1,1,4,7,10
1069,a,c,18050.0,1,1900,1,14,2011,"Jan,Apr,Jul,Oct",1,1,4,7,10
1070,c,c,400.0,10,2008,0,0,0,"0,0,0,0",0,0,0,0,0
1071,a,a,820.0,3,2012,1,35,2012,"Mar,Jun,Sept,Dec",0,3,6,9,12
1072,a,c,5380.0,8,2015,1,5,2010,"Feb,May,Aug,Nov",0,2,5,8,11
1073,a,c,1710.0,1,1900,1,44,2012,"Jan,Apr,Jul,Oct",1,1,4,7,10
1074,c,c,3330.0,10,2001,1,14,2011,"Jan,Apr,Jul,Oct",0,1,4,7,10
1075,a,c,1410.0,10,2013,0,0,0,"0,0,0,0",0,0,0,0,0
1076,a,c,90.0,1,1900,1,1,2013,"Jan,Apr,Jul,Oct",1,1,4,7,10
1077,a,a,3750.0,11,2001,1,35,2010,"Mar,Jun,Sept,Dec",0,3,6,9,12
1078,d,c,670.0,1,1900,1,40,2011,"Jan,Apr,Jul,Oct",1,1,4,7,10
1079,a,a,16680.0,1,1900,1,37,2009,"Jan,Apr,Jul,Oct",1,1,4,7,10
1080,a,a,2410.0,1,1900,1,40,2014,"Jan,Apr,Jul,Oct",1,1,4,7,10
1081,b,a,400.0,3,2006,0,0,0,"0,0,0,0",0,0,0,0,0
1082,c,a,440.0,4,2002,0,0,0,"0,0,0,0",0,0,0,0,0
1083,d,c,11540.0,1,1900,1,5,2013,"Feb,May,Aug,Nov",1,2,5,8,11
1084,a,a,190.0,1,1900,1,13,2010,"Jan,Apr,Jul,Oct",1,1,4,7,10
1085,c,a,4030.0,2,2015,0,0,0,"0,0,0,0",0,0,0,0,0
1086,a,a,180.0,11,2013,1,18,2011,"Feb,May,Aug,Nov",0,2,5,8,11
1087,d,c,2210.0,11,2011,0,0,0,"0,0,0,0",0,0,0,0,0
1088,a,a,4300.0,3,2009,1,27,2013,"Jan,Apr,Jul,Oct",0,1,4,7,10
1089,d,a,5220.0,5,2009,0,0,0,"0,0,0,0",0,0,0,0,0
1090,a,a,330.0,1,1900,1,14,2011,"Jan,Apr,Jul,Oct",1,1,4,7,10
1091,a,c,9990.0,1,1900,0,0,0,"0,0,0,0",1,0,0,0,0
1092,a,a,300.0,7,2000,1,40,2014,"Jan,Apr,Jul,Oct",0,1,4,7,10
1093,c,c,10450.0,6,2009,0,0,0,"0,0,0,0",0,0,0,0,0
1094,d,a,2380.0,3,2013,1,40,2014,"Jan,Apr,Jul,Oct",0,1,4,7,10
1095,a,a,690.0,6,2007,1,14,2011,"Jan,Apr,Jul,Oct",0,1,4,7,10
1096,a,c,1130.0,1,1900,1,10,2014,"Mar,Jun,Sept,Dec",1,3,6,9,12
1097,b,b,720.0,3,2002,0,0,0,"0,0,0,0",0,0,0,0,0
1098,a,a,1830.0,11,2004,0,0,0,"0,0,0,0",0,0,0,0,0
1099,a,c,200.0,4,2013,1,14,2013,"Jan,Apr,Jul,Oct",0,1,4,7,10
1100,a,a,540.0,1,1900,1,14,2011,"Jan,Apr,Jul,Oct",1,1,4,7,10
1101,d,c,4060.0,9,2012,0,0,0,"0,0,0,0",0,0,0,0,0
1102,a,a,850.0,11,2012,1,40,2014,"Jan,Apr,Jul,Oct",0,1,4,7,10
1103,d,c,1340.0,10,2006,1,5,2013,"Feb,May,Aug,Nov",0,2,5,8,11
1104,d,a,260.0,2,2012,1,14,2011,"Jan,Apr,Jul,Oct",0,1,4,7,10
1105,c,c,330.0,11,2008,1,5,2013,"Feb,May,Aug,Nov",0,2,5,8,11
1106,a,c,5330.0,9,2011,1,31,2013,"Jan,Apr,Jul,Oct",0,1,4,7,10
1107,a,a,1400.0,6,2012,1,13,2010,"Jan,Apr,Jul,Oct",0,1,4,7,10
1108,a,a,540.0,4,2004,0,0,0,"0,0,0,0",0,0,0,0,0
1109,c,a,3490.0,4,2011,1,22,2012,"Jan,Apr,Jul,Oct",0,1,4,7,10
1110,c,c,900.0,9,2010,0,0,0,"0,0,0,0",0,0,0,0,0
1111,a,a,1900.0,6,2014,1,31,2013,"Jan,Apr,Jul,Oct",0,1,4,7,10
1112,c,c,1880.0,4,2006,0,0,0,"0,0,0,0",0,0,0,0,0
1113,a,c,9260.0,1,1900,0,0,0,"0,0,0,0",1,0,0,0,0
1114,a,c,870.0,1,1900,0,0,0,"0,0,0,0",1,0,0,0,0
1115,d,c,5350.0,1,1900,1,22,2012,"Mar,Jun,Sept,Dec",1,3,6,9,12
